name,face,type_line,subtype_count,subtypes,set,rarity,scryfall_uri
Pet Avengers,Pet Avengers,Creature — Dragon Cat Dog Bird Frog Hero,6,"Dragon, Cat, Dog, Bird, Frog, Hero",msh,common,https://scryfall.com/card/msh/178/pet-avengers?utm_source=api
Aberrant Mind Sorcerer,Aberrant Mind Sorcerer,Creature — Human Elf Shaman Sorcerer,4,"Human, Elf, Shaman, Sorcerer",afr,uncommon,https://scryfall.com/card/afr/44/aberrant-mind-sorcerer?utm_source=api
"Casey & Raph, Hotheads","Casey & Raph, Hotheads",Legendary Creature — Mutant Ninja Human Turtle,4,"Mutant, Ninja, Human, Turtle",tmc,rare,https://scryfall.com/card/tmc/114/casey-&-raph-hotheads?utm_source=api
Curious Farm Animals,Curious Farm Animals,Creature — Boar Elk Bird Ox,4,"Boar, Elk, Bird, Ox",tla,common,https://scryfall.com/card/tla/14/curious-farm-animals?utm_source=api
Dark Leo & Shredder,Dark Leo & Shredder,Legendary Creature — Mutant Ninja Turtle Human,4,"Mutant, Ninja, Turtle, Human",tmt,mythic,https://scryfall.com/card/tmt/142/dark-leo-&-shredder?utm_source=api
Daybreak Ranger // Nightfall Predator,Daybreak Ranger,Creature — Human Archer Ranger Werewolf,4,"Human, Archer, Ranger, Werewolf",isd,rare,https://scryfall.com/card/isd/176/daybreak-ranger-nightfall-predator?utm_source=api
"Donnie & April, Adorkable Duo","Donnie & April, Adorkable Duo",Legendary Creature — Mutant Ninja Human Turtle,4,"Mutant, Ninja, Human, Turtle",tmc,rare,https://scryfall.com/card/tmc/111/donnie-&-april-adorkable-duo?utm_source=api
Joraga Bard,Joraga Bard,Creature — Elf Rogue Bard Ally,4,"Elf, Rogue, Bard, Ally",ddp,common,https://scryfall.com/card/ddp/17/joraga-bard?utm_source=api
"Leonardo, Sewer Samurai","Leonardo, Sewer Samurai",Legendary Creature — Mutant Ninja Turtle Samurai,4,"Mutant, Ninja, Turtle, Samurai",tmt,mythic,https://scryfall.com/card/tmt/17/leonardo-sewer-samurai?utm_source=api
"Mathise, Surge Channeler","Mathise, Surge Channeler",Legendary Creature — Human Elf Shaman Sorcerer,4,"Human, Elf, Shaman, Sorcerer",slx,rare,https://scryfall.com/card/slx/25/mathise-surge-channeler?utm_source=api
"Mikey & Mona, Mutant Sitters","Mikey & Mona, Mutant Sitters",Legendary Creature — Mutant Ninja Turtle Lizard,4,"Mutant, Ninja, Turtle, Lizard",tmc,rare,https://scryfall.com/card/tmc/125/mikey-&-mona-mutant-sitters?utm_source=api
Monster Mashup,Monster Mashup,Creature — Werewolf Fish Zombie Vampire,4,"Werewolf, Fish, Zombie, Vampire",tmc,common,https://scryfall.com/card/tmc/117/monster-mashup?utm_source=api
Prehistoric Turtlesaurus,Prehistoric Turtlesaurus,Creature — Mutant Ninja Turtle Dinosaur,4,"Mutant, Ninja, Turtle, Dinosaur",tmc,common,https://scryfall.com/card/tmc/127/prehistoric-turtlesaurus?utm_source=api
Priest of Gix,Priest of Gix,Creature — Phyrexian Human Cleric Minion,4,"Phyrexian, Human, Cleric, Minion",dde,uncommon,https://scryfall.com/card/dde/7/priest-of-gix?utm_source=api
Ranger en-Vec,Ranger en-Vec,Creature — Human Soldier Archer Ranger,4,"Human, Soldier, Archer, Ranger",tmp,uncommon,https://scryfall.com/card/tmp/268/ranger-en-vec?utm_source=api
Rathi Assassin,Rathi Assassin,Creature — Phyrexian Zombie Mercenary Assassin,4,"Phyrexian, Zombie, Mercenary, Assassin",nem,rare,https://scryfall.com/card/nem/67/rathi-assassin?utm_source=api
Seton's Scout,Seton's Scout,Creature — Centaur Druid Scout Archer,4,"Centaur, Druid, Scout, Archer",tor,uncommon,https://scryfall.com/card/tor/138/setons-scout?utm_source=api
"Spider-Woman, Secret Agent","Spider-Woman, Secret Agent",Legendary Creature — Spider Human Spy Hero,4,"Spider, Human, Spy, Hero",msh,uncommon,https://scryfall.com/card/msh/229/spider-woman-secret-agent?utm_source=api
"Splinter & Leo, Father & Son","Splinter & Leo, Father & Son",Legendary Creature — Mutant Ninja Rat Turtle,4,"Mutant, Ninja, Rat, Turtle",tmc,rare,https://scryfall.com/card/tmc/103/splinter-&-leo-father-&-son?utm_source=api
Turntimber Ranger,Turntimber Ranger,Creature — Elf Scout Ranger Ally,4,"Elf, Scout, Ranger, Ally",zen,rare,https://scryfall.com/card/zen/191/turntimber-ranger?utm_source=api
A Real Handful,A Real Handful,Creature — Alien Child Guest,3,"Alien, Child, Guest",unf,uncommon,https://scryfall.com/card/unf/87/a-real-handful?utm_source=api
A-Guildsworn Prowler,A-Guildsworn Prowler,Creature — Tiefling Rogue Assassin,3,"Tiefling, Rogue, Assassin",hbg,common,https://scryfall.com/card/hbg/A-160/a-guildsworn-prowler?utm_source=api
A-Krydle of Baldur's Gate,A-Krydle of Baldur's Gate,Legendary Creature — Human Elf Rogue,3,"Human, Elf, Rogue",afr,uncommon,https://scryfall.com/card/afr/A-226/a-krydle-of-baldurs-gate?utm_source=api
A-Rakish Revelers,A-Rakish Revelers,Creature — Elf Druid Rogue,3,"Elf, Druid, Rogue",snc,common,https://scryfall.com/card/snc/A-214/a-rakish-revelers?utm_source=api
A-Rockslide Sorcerer,A-Rockslide Sorcerer,Creature — Human Wizard Sorcerer,3,"Human, Wizard, Sorcerer",znr,uncommon,https://scryfall.com/card/znr/A-154/a-rockslide-sorcerer?utm_source=api
"A-Shessra, Death's Whisper","A-Shessra, Death's Whisper",Legendary Creature — Human Elf Warlock,3,"Human, Elf, Warlock",afr,uncommon,https://scryfall.com/card/afr/A-231/a-shessra-deaths-whisper?utm_source=api
A.I.M. Scientists,A.I.M. Scientists,Creature — Human Scientist Villain,3,"Human, Scientist, Villain",msh,common,https://scryfall.com/card/msh/44/aim-scientists?utm_source=api
Aang and Katara,Aang and Katara,Legendary Creature — Human Avatar Ally,3,"Human, Avatar, Ally",tle,rare,https://scryfall.com/card/tle/69/aang-and-katara?utm_source=api
"Aang, A Lot to Learn","Aang, A Lot to Learn",Legendary Creature — Human Avatar Ally,3,"Human, Avatar, Ally",tle,uncommon,https://scryfall.com/card/tle/146/aang-a-lot-to-learn?utm_source=api
"Aang, Air Nomad","Aang, Air Nomad",Legendary Creature — Human Avatar Ally,3,"Human, Avatar, Ally",tle,rare,https://scryfall.com/card/tle/210/aang-air-nomad?utm_source=api
"Aang, Airbending Master","Aang, Airbending Master",Legendary Creature — Human Avatar Ally,3,"Human, Avatar, Ally",tle,mythic,https://scryfall.com/card/tle/74/aang-airbending-master?utm_source=api
"Aang, Swift Savior // Aang and La, Ocean's Fury","Aang, Swift Savior",Legendary Creature — Human Avatar Ally,3,"Human, Avatar, Ally",tla,rare,https://scryfall.com/card/tla/204/aang-swift-savior-aang-and-la-oceans-fury?utm_source=api
"Aang, Swift Savior // Aang and La, Ocean's Fury","Aang and La, Ocean's Fury",Legendary Creature — Avatar Spirit Ally,3,"Avatar, Spirit, Ally",tla,rare,https://scryfall.com/card/tla/204/aang-swift-savior-aang-and-la-oceans-fury?utm_source=api
"Aang, at the Crossroads // Aang, Destined Savior","Aang, at the Crossroads",Legendary Creature — Human Avatar Ally,3,"Human, Avatar, Ally",tla,rare,https://scryfall.com/card/tla/203/aang-at-the-crossroads-aang-destined-savior?utm_source=api
"Aang, the Last Airbender","Aang, the Last Airbender",Legendary Creature — Human Avatar Ally,3,"Human, Avatar, Ally",tla,uncommon,https://scryfall.com/card/tla/4/aang-the-last-airbender?utm_source=api
"Abomination, World Ravager","Abomination, World Ravager",Legendary Creature — Gamma Berserker Villain,3,"Gamma, Berserker, Villain",msc,rare,https://scryfall.com/card/msc/47/abomination-world-ravager?utm_source=api
Advance Scout,Advance Scout,Creature — Human Soldier Scout,3,"Human, Soldier, Scout",tmp,common,https://scryfall.com/card/tmp/1/advance-scout?utm_source=api
"Adéwalé, Breaker of Chains","Adéwalé, Breaker of Chains",Legendary Creature — Human Assassin Pirate,3,"Human, Assassin, Pirate",acr,uncommon,https://scryfall.com/card/acr/44/ad%C3%A9wal%C3%A9-breaker-of-chains?utm_source=api
"Aerith, Last Ancient","Aerith, Last Ancient",Legendary Creature — Human Cleric Druid,3,"Human, Cleric, Druid",fic,rare,https://scryfall.com/card/fic/76/aerith-last-ancient?utm_source=api
Aether Herder,Aether Herder,Creature — Elf Artificer Druid,3,"Elf, Artificer, Druid",aer,common,https://scryfall.com/card/aer/102/aether-herder?utm_source=api
Affa Protector,Affa Protector,Creature — Human Soldier Ally,3,"Human, Soldier, Ally",ogw,common,https://scryfall.com/card/ogw/14/affa-protector?utm_source=api
Agadeem Occultist,Agadeem Occultist,Creature — Human Shaman Ally,3,"Human, Shaman, Ally",wwk,rare,https://scryfall.com/card/wwk/48/agadeem-occultist?utm_source=api
"Agent 13, Sharon Carter","Agent 13, Sharon Carter",Legendary Creature — Human Spy Hero,3,"Human, Spy, Hero",msh,uncommon,https://scryfall.com/card/msh/1/agent-13-sharon-carter?utm_source=api
Agent Maria Hill,Agent Maria Hill,Legendary Creature — Human Spy Hero,3,"Human, Spy, Hero",msh,uncommon,https://scryfall.com/card/msh/2/agent-maria-hill?utm_source=api
Agent Phil Coulson,Agent Phil Coulson,Legendary Creature — Human Spy Hero,3,"Human, Spy, Hero",msh,rare,https://scryfall.com/card/msh/4/agent-phil-coulson?utm_source=api
Agent Venom,Agent Venom,Legendary Creature — Symbiote Soldier Hero,3,"Symbiote, Soldier, Hero",spm,rare,https://scryfall.com/card/spm/49/agent-venom?utm_source=api
Agent of Atlas,Agent of Atlas,Creature — Human Spy Hero,3,"Human, Spy, Hero",msh,common,https://scryfall.com/card/msh/3/agent-of-atlas?utm_source=api
Agents of HYDRA,Agents of HYDRA,Creature — Human Spy Villain,3,"Human, Spy, Villain",msh,common,https://scryfall.com/card/msh/85/agents-of-hydra?utm_source=api
Agents of S.H.I.E.L.D.,Agents of S.H.I.E.L.D.,Creature — Human Spy Hero,3,"Human, Spy, Hero",msh,common,https://scryfall.com/card/msh/5/agents-of-shield?utm_source=api
Ahn-Crop Invader,Ahn-Crop Invader,Creature — Zombie Minotaur Warrior,3,"Zombie, Minotaur, Warrior",war,common,https://scryfall.com/card/war/113/ahn-crop-invader?utm_source=api
"Akiri, Line-Slinger","Akiri, Line-Slinger",Legendary Creature — Kor Soldier Ally,3,"Kor, Soldier, Ally",c16,rare,https://scryfall.com/card/c16/26/akiri-line-slinger?utm_source=api
Akki Underminer,Akki Underminer,Creature — Goblin Rogue Shaman,3,"Goblin, Rogue, Shaman",chk,uncommon,https://scryfall.com/card/chk/155/akki-underminer?utm_source=api
Akoum Battlesinger,Akoum Battlesinger,Creature — Human Berserker Ally,3,"Human, Berserker, Ally",wwk,common,https://scryfall.com/card/wwk/71/akoum-battlesinger?utm_source=api
Akoum Flameseeker,Akoum Flameseeker,Creature — Human Shaman Ally,3,"Human, Shaman, Ally",ogw,common,https://scryfall.com/card/ogw/101/akoum-flameseeker?utm_source=api
Akul the Unrepentant,Akul the Unrepentant,Legendary Creature — Scorpion Dragon Rogue,3,"Scorpion, Dragon, Rogue",otj,rare,https://scryfall.com/card/otj/189/akul-the-unrepentant?utm_source=api
Al Bhed Salvagers,Al Bhed Salvagers,Creature — Human Artificer Warrior,3,"Human, Artificer, Warrior",fin,uncommon,https://scryfall.com/card/fin/88/al-bhed-salvagers?utm_source=api
"Alex Wilder, Runaway","Alex Wilder, Runaway",Legendary Creature — Human Hero Villain,3,"Human, Hero, Villain",msc,uncommon,https://scryfall.com/card/msc/677/alex-wilder-runaway?utm_source=api
"Alora, Cheerful Assassin","Alora, Cheerful Assassin",Legendary Creature — Halfling Rogue Assassin,3,"Halfling, Rogue, Assassin",hbg,uncommon,https://scryfall.com/card/hbg/5b/alora-cheerful-assassin?utm_source=api
"Alora, Cheerful Scout","Alora, Cheerful Scout",Legendary Creature — Halfling Rogue Scout,3,"Halfling, Rogue, Scout",hbg,uncommon,https://scryfall.com/card/hbg/5g/alora-cheerful-scout?utm_source=api
Amazing Spider-Girl,Amazing Spider-Girl,Legendary Creature — Spider Human Hero,3,"Spider, Human, Hero",msc,rare,https://scryfall.com/card/msc/583/amazing-spider-girl?utm_source=api
Ambassador Blorpityblorpboop,Ambassador Blorpityblorpboop,Legendary Creature — Alien Advisor Guest,3,"Alien, Advisor, Guest",unf,uncommon,https://scryfall.com/card/unf/161/ambassador-blorpityblorpboop?utm_source=api
Ammit Eternal,Ammit Eternal,Creature — Zombie Crocodile Demon,3,"Zombie, Crocodile, Demon",hou,rare,https://scryfall.com/card/hou/57/ammit-eternal?utm_source=api
Amrou Scout,Amrou Scout,Creature — Kithkin Rebel Scout,3,"Kithkin, Rebel, Scout",tsr,common,https://scryfall.com/card/tsr/1/amrou-scout?utm_source=api
Angelfire Crusader,Angelfire Crusader,Creature — Human Soldier Knight,3,"Human, Soldier, Knight",apc,common,https://scryfall.com/card/apc/1/angelfire-crusader?utm_source=api
"Ant-Man, Colony Commander","Ant-Man, Colony Commander",Legendary Creature — Human Rogue Hero,3,"Human, Rogue, Hero",msh,uncommon,https://scryfall.com/card/msh/201/ant-man-colony-commander?utm_source=api
"Ant-Man, Elusive Avenger","Ant-Man, Elusive Avenger",Legendary Creature — Human Rogue Hero,3,"Human, Rogue, Hero",msc,rare,https://scryfall.com/card/msc/73/ant-man-elusive-avenger?utm_source=api
"Ant-Man, Reformed Rogue","Ant-Man, Reformed Rogue",Legendary Creature — Human Rogue Hero,3,"Human, Rogue, Hero",msc,uncommon,https://scryfall.com/card/msc/739/ant-man-reformed-rogue?utm_source=api
Anurid Murkdiver,Anurid Murkdiver,Creature — Zombie Frog Beast,3,"Zombie, Frog, Beast",ons,common,https://scryfall.com/card/ons/124/anurid-murkdiver?utm_source=api
Apprentice Sorcerer,Apprentice Sorcerer,Creature — Human Wizard Sorcerer,3,"Human, Wizard, Sorcerer",p02,uncommon,https://scryfall.com/card/p02/32/apprentice-sorcerer?utm_source=api
"Arachne, Psionic Weaver","Arachne, Psionic Weaver",Legendary Creature — Spider Human Hero,3,"Spider, Human, Hero",spm,rare,https://scryfall.com/card/spm/2/arachne-psionic-weaver?utm_source=api
"Aragorn and Arwen, Wed","Aragorn and Arwen, Wed",Legendary Creature — Human Elf Noble,3,"Human, Elf, Noble",ltr,mythic,https://scryfall.com/card/ltr/287/aragorn-and-arwen-wed?utm_source=api
"Araña, Heart of the Spider","Araña, Heart of the Spider",Legendary Creature — Spider Human Hero,3,"Spider, Human, Hero",spm,rare,https://scryfall.com/card/spm/123/ara%C3%B1a-heart-of-the-spider?utm_source=api
Architect of the Untamed,Architect of the Untamed,Creature — Elf Artificer Druid,3,"Elf, Artificer, Druid",kld,rare,https://scryfall.com/card/kld/143/architect-of-the-untamed?utm_source=api
Arcus Acolyte,Arcus Acolyte,Creature — Human Cleric Archer,3,"Human, Cleric, Archer",mh2,uncommon,https://scryfall.com/card/mh2/185/arcus-acolyte?utm_source=api
"Ardyn, the Usurper","Ardyn, the Usurper",Legendary Creature — Elder Human Noble,3,"Elder, Human, Noble",fin,rare,https://scryfall.com/card/fin/89/ardyn-the-usurper?utm_source=api
"Ares, God of War","Ares, God of War",Legendary Creature — God Warrior Villain,3,"God, Warrior, Villain",msh,rare,https://scryfall.com/card/msh/202/ares-god-of-war?utm_source=api
Argivian Phalanx,Argivian Phalanx,Creature — Human Kor Soldier,3,"Human, Kor, Soldier",dmu,common,https://scryfall.com/card/dmu/5/argivian-phalanx?utm_source=api
"Armaggon, Future Shark","Armaggon, Future Shark",Legendary Creature — Shark Horror Mutant,3,"Shark, Horror, Mutant",tmt,rare,https://scryfall.com/card/tmt/58/armaggon-future-shark?utm_source=api
Ascendant Evincar,Ascendant Evincar,Legendary Creature — Phyrexian Vampire Noble,3,"Phyrexian, Vampire, Noble",hop,rare,https://scryfall.com/card/hop/17/ascendant-evincar?utm_source=api
"Ashe, Princess of Dalmasca","Ashe, Princess of Dalmasca",Legendary Creature — Human Rebel Noble,3,"Human, Rebel, Noble",fin,uncommon,https://scryfall.com/card/fin/7/ashe-princess-of-dalmasca?utm_source=api
Assembled Ensemble,Assembled Ensemble,Artifact Creature — Clown Robot Bard,3,"Clown, Robot, Bard",unf,uncommon,https://scryfall.com/card/unf/3/assembled-ensemble?utm_source=api
"Astarion, the Decadent","Astarion, the Decadent",Legendary Creature — Vampire Elf Rogue,3,"Vampire, Elf, Rogue",clb,rare,https://scryfall.com/card/clb/265/astarion-the-decadent?utm_source=api
Astonishing Spider-Man,Astonishing Spider-Man,Legendary Creature — Spider Human Hero,3,"Spider, Human, Hero",msc,rare,https://scryfall.com/card/msc/740/astonishing-spider-man?utm_source=api
Atalan Jackal,Atalan Jackal,Creature — Human Tyranid Scout,3,"Human, Tyranid, Scout",40k,rare,https://scryfall.com/card/40k/105/atalan-jackal?utm_source=api
"Atraxa, Praetors' Voice","Atraxa, Praetors' Voice",Legendary Creature — Phyrexian Angel Horror,3,"Phyrexian, Angel, Horror",2xm,mythic,https://scryfall.com/card/2xm/190/atraxa-praetors-voice?utm_source=api
"Attuma, Atlantean Warlord","Attuma, Atlantean Warlord",Legendary Creature — Merfolk Warrior Villain,3,"Merfolk, Warrior, Villain",msh,uncommon,https://scryfall.com/card/msh/47/attuma-atlantean-warlord?utm_source=api
Audacious Knuckleblade,Audacious Knuckleblade,Creature — Ogre Warrior Wizard,3,"Ogre, Warrior, Wizard",ytdm,rare,https://scryfall.com/card/ytdm/18/audacious-knuckleblade?utm_source=api
"Auron, Venerated Guardian","Auron, Venerated Guardian",Legendary Creature — Human Spirit Samurai,3,"Human, Spirit, Samurai",fic,rare,https://scryfall.com/card/fic/10/auron-venerated-guardian?utm_source=api
Autumn Willow and Baron Sengir,Autumn Willow and Baron Sengir,Legendary Creature — Avatar Vampire Noble,3,"Avatar, Vampire, Noble",unk,rare,https://scryfall.com/card/unk/RZ06b/autumn-willow-and-baron-sengir?utm_source=api
"Avatar Aang // Aang, Master of Elements",Avatar Aang,Legendary Creature — Human Avatar Ally,3,"Human, Avatar, Ally",tla,mythic,https://scryfall.com/card/tla/207/avatar-aang-aang-master-of-elements?utm_source=api
Avatar Enthusiasts,Avatar Enthusiasts,Creature — Human Peasant Ally,3,"Human, Peasant, Ally",tla,common,https://scryfall.com/card/tla/11/avatar-enthusiasts?utm_source=api
Aven Archer,Aven Archer,Creature — Bird Soldier Archer,3,"Bird, Soldier, Archer",ody,uncommon,https://scryfall.com/card/ody/6/aven-archer?utm_source=api
Aven Eternal,Aven Eternal,Creature — Zombie Bird Warrior,3,"Zombie, Bird, Warrior",war,common,https://scryfall.com/card/war/42/aven-eternal?utm_source=api
Aven Riftwatcher,Aven Riftwatcher,Creature — Bird Rebel Soldier,3,"Bird, Rebel, Soldier",tsr,common,https://scryfall.com/card/tsr/6/aven-riftwatcher?utm_source=api
Aven Windreader,Aven Windreader,Creature — Bird Soldier Wizard,3,"Bird, Soldier, Wizard",10e,common,https://scryfall.com/card/10e/69/aven-windreader?utm_source=api
"Ayara, Widow of the Realm // Ayara, Furnace Queen","Ayara, Furnace Queen",Legendary Creature — Phyrexian Elf Noble,3,"Phyrexian, Elf, Noble",mom,rare,https://scryfall.com/card/mom/90/ayara-widow-of-the-realm-ayara-furnace-queen?utm_source=api
"Azula, Cunning Usurper","Azula, Cunning Usurper",Legendary Creature — Human Noble Rogue,3,"Human, Noble, Rogue",tla,rare,https://scryfall.com/card/tla/208/azula-cunning-usurper?utm_source=api
Bala Ged Thief,Bala Ged Thief,Creature — Human Rogue Ally,3,"Human, Rogue, Ally",zen,rare,https://scryfall.com/card/zen/79/bala-ged-thief?utm_source=api
Balduvian Shaman,Balduvian Shaman,Creature — Human Cleric Shaman,3,"Human, Cleric, Shaman",ice,common,https://scryfall.com/card/ice/59/balduvian-shaman?utm_source=api
Ballista Watcher // Ballista Wielder,Ballista Watcher,Creature — Human Soldier Werewolf,3,"Human, Soldier, Werewolf",vow,uncommon,https://scryfall.com/card/vow/143/ballista-watcher-ballista-wielder?utm_source=api
Baneblade Scoundrel // Baneclaw Marauder,Baneblade Scoundrel,Creature — Human Rogue Werewolf,3,"Human, Rogue, Werewolf",mid,uncommon,https://scryfall.com/card/mid/85/baneblade-scoundrel-baneclaw-marauder?utm_source=api
"Banon, the Returners' Leader","Banon, the Returners' Leader",Legendary Creature — Human Cleric Rebel,3,"Human, Cleric, Rebel",fic,rare,https://scryfall.com/card/fic/78/banon-the-returners-leader?utm_source=api
Barbarian General,Barbarian General,Creature — Human Barbarian Soldier,3,"Human, Barbarian, Soldier",ptk,uncommon,https://scryfall.com/card/ptk/100/barbarian-general?utm_source=api
Barbarian Horde,Barbarian Horde,Creature — Human Barbarian Soldier,3,"Human, Barbarian, Soldier",ptk,common,https://scryfall.com/card/ptk/101/barbarian-horde?utm_source=api
Barbarian Outcast,Barbarian Outcast,Creature — Human Barbarian Beast,3,"Human, Barbarian, Beast",tor,common,https://scryfall.com/card/tor/92/barbarian-outcast?utm_source=api
Baron Helmut Zemo,Baron Helmut Zemo,Legendary Creature — Human Noble Villain,3,"Human, Noble, Villain",msh,rare,https://scryfall.com/card/msh/87/baron-helmut-zemo?utm_source=api
"Baxter, Fly in the Ointment","Baxter, Fly in the Ointment",Legendary Creature — Insect Mutant Scientist,3,"Insect, Mutant, Scientist",tmc,rare,https://scryfall.com/card/tmc/10/baxter-fly-in-the-ointment?utm_source=api
Beast Walkers,Beast Walkers,Creature — Human Beast Soldier,3,"Human, Beast, Soldier",hml,rare,https://scryfall.com/card/hml/6/beast-walkers?utm_source=api
"Beast, Erudite Aerialist","Beast, Erudite Aerialist",Legendary Creature — Mutant Scientist Hero,3,"Mutant, Scientist, Hero",msh,uncommon,https://scryfall.com/card/msh/206/beast-erudite-aerialist?utm_source=api
Beastcaller Savant,Beastcaller Savant,Creature — Elf Shaman Ally,3,"Elf, Shaman, Ally",bfz,rare,https://scryfall.com/card/bfz/170/beastcaller-savant?utm_source=api
Bebop & Rocksteady,Bebop & Rocksteady,Legendary Creature — Boar Rhino Mutant,3,"Boar, Rhino, Mutant",tmt,rare,https://scryfall.com/card/tmt/140/bebop-&-rocksteady?utm_source=api
"Bebop, Warthog Warrior","Bebop, Warthog Warrior",Legendary Creature — Boar Mutant Warrior,3,"Boar, Mutant, Warrior",tmt,common,https://scryfall.com/card/tmt/59/bebop-warthog-warrior?utm_source=api
"Beetle, Legacy Criminal","Beetle, Legacy Criminal",Legendary Creature — Human Rogue Villain,3,"Human, Rogue, Villain",spm,common,https://scryfall.com/card/spm/26/beetle-legacy-criminal?utm_source=api
Beetleform Mage,Beetleform Mage,Creature — Human Insect Wizard,3,"Human, Insect, Wizard",dgm,common,https://scryfall.com/card/dgm/54/beetleform-mage?utm_source=api
"Belbe, Corrupted Observer","Belbe, Corrupted Observer",Legendary Creature — Phyrexian Zombie Elf,3,"Phyrexian, Zombie, Elf",cmr,rare,https://scryfall.com/card/cmr/270/belbe-corrupted-observer?utm_source=api
Benalish Sleeper,Benalish Sleeper,Creature — Phyrexian Human Soldier,3,"Phyrexian, Human, Soldier",dmu,common,https://scryfall.com/card/dmu/8/benalish-sleeper?utm_source=api
Benthic Biomancer,Benthic Biomancer,Creature — Merfolk Wizard Mutant,3,"Merfolk, Wizard, Mutant",lcc,rare,https://scryfall.com/card/lcc/145/benthic-biomancer?utm_source=api
Big Game Hunter,Big Game Hunter,Creature — Human Rebel Assassin,3,"Human, Rebel, Assassin",tsr,uncommon,https://scryfall.com/card/tsr/102/big-game-hunter?utm_source=api
Big Winner,Big Winner,Creature — Ogre Warrior Guest,3,"Ogre, Warrior, Guest",unf,common,https://scryfall.com/card/unf/101/big-winner?utm_source=api
Biophagus,Biophagus,Creature — Human Tyranid Wizard,3,"Human, Tyranid, Wizard",40k,rare,https://scryfall.com/card/40k/87/biophagus?utm_source=api
Birchlore Rangers,Birchlore Rangers,Creature — Elf Druid Ranger,3,"Elf, Druid, Ranger",ons,common,https://scryfall.com/card/ons/248/birchlore-rangers?utm_source=api
Bird Admirer // Wing Shredder,Bird Admirer,Creature — Human Archer Werewolf,3,"Human, Archer, Werewolf",mid,common,https://scryfall.com/card/mid/169/bird-admirer-wing-shredder?utm_source=api
"Black Bolt, Inhuman King","Black Bolt, Inhuman King",Legendary Creature — Inhuman Noble Hero,3,"Inhuman, Noble, Hero",msc,rare,https://scryfall.com/card/msc/76/black-bolt-inhuman-king?utm_source=api
"Black Cat, Cunning Thief","Black Cat, Cunning Thief",Legendary Creature — Human Rogue Villain,3,"Human, Rogue, Villain",spm,rare,https://scryfall.com/card/spm/52/black-cat-cunning-thief?utm_source=api
"Black Panther, Claws of Bast","Black Panther, Claws of Bast",Legendary Creature — Human Warrior Hero,3,"Human, Warrior, Hero",msc,mythic,https://scryfall.com/card/msc/829/black-panther-claws-of-bast?utm_source=api
"Black Panther, Most Dangerous","Black Panther, Most Dangerous",Legendary Creature — Human Warrior Hero,3,"Human, Warrior, Hero",msc,rare,https://scryfall.com/card/msc/584/black-panther-most-dangerous?utm_source=api
"Black Panther, Vanguard","Black Panther, Vanguard",Legendary Creature — Human Warrior Hero,3,"Human, Warrior, Hero",msh,uncommon,https://scryfall.com/card/msh/207/black-panther-vanguard?utm_source=api
"Black Panther, Wakandan King","Black Panther, Wakandan King",Legendary Creature — Human Noble Hero,3,"Human, Noble, Hero",mar,mythic,https://scryfall.com/card/mar/87/black-panther-wakandan-king?utm_source=api
"Black Widow, Agile Avenger","Black Widow, Agile Avenger",Legendary Creature — Human Spy Hero,3,"Human, Spy, Hero",msc,rare,https://scryfall.com/card/msc/77/black-widow-agile-avenger?utm_source=api
"Black Widow, Daring Operative","Black Widow, Daring Operative",Legendary Creature — Human Spy Hero,3,"Human, Spy, Hero",msc,mythic,https://scryfall.com/card/msc/831/black-widow-daring-operative?utm_source=api
"Black Widow, Deadly Hunter","Black Widow, Deadly Hunter",Legendary Creature — Human Assassin Hero,3,"Human, Assassin, Hero",msc,rare,https://scryfall.com/card/msc/648/black-widow-deadly-hunter?utm_source=api
"Black Widow, Double Agent","Black Widow, Double Agent",Legendary Creature — Human Hero Villain,3,"Human, Hero, Villain",msh,uncommon,https://scryfall.com/card/msh/208/black-widow-double-agent?utm_source=api
"Black Widow, Intel Expert","Black Widow, Intel Expert",Legendary Creature — Human Spy Hero,3,"Human, Spy, Hero",msc,rare,https://scryfall.com/card/msc/504/black-widow-intel-expert?utm_source=api
"Black Widow, Natasha Romanoff","Black Widow, Natasha Romanoff",Legendary Creature — Human Assassin Hero,3,"Human, Assassin, Hero",msc,common,https://scryfall.com/card/msc/846/black-widow-natasha-romanoff?utm_source=api
"Black Widow, Super Spy","Black Widow, Super Spy",Legendary Creature — Human Spy Hero,3,"Human, Spy, Hero",msh,mythic,https://scryfall.com/card/msh/89/black-widow-super-spy?utm_source=api
Blackcleave Goblin,Blackcleave Goblin,Creature — Phyrexian Goblin Zombie,3,"Phyrexian, Goblin, Zombie",som,common,https://scryfall.com/card/som/54/blackcleave-goblin?utm_source=api
Blade Splicer,Blade Splicer,Creature — Phyrexian Human Artificer,3,"Phyrexian, Human, Artificer",moc,rare,https://scryfall.com/card/moc/175/blade-splicer?utm_source=api
Blighted Agent,Blighted Agent,Creature — Phyrexian Human Rogue,3,"Phyrexian, Human, Rogue",nph,common,https://scryfall.com/card/nph/29/blighted-agent?utm_source=api
Blighted Shaman,Blighted Shaman,Creature — Human Cleric Shaman,3,"Human, Cleric, Shaman",6ed,uncommon,https://scryfall.com/card/6ed/114/blighted-shaman?utm_source=api
Blightspeaker,Blightspeaker,Creature — Human Rebel Cleric,3,"Human, Rebel, Cleric",tsr,common,https://scryfall.com/card/tsr/103/blightspeaker?utm_source=api
Blind Zealot,Blind Zealot,Creature — Phyrexian Human Cleric,3,"Phyrexian, Human, Cleric",nph,common,https://scryfall.com/card/nph/52/blind-zealot?utm_source=api
Bloodboil Sorcerer,Bloodboil Sorcerer,Creature — Human Shaman Sorcerer,3,"Human, Shaman, Sorcerer",clb,uncommon,https://scryfall.com/card/clb/164/bloodboil-sorcerer?utm_source=api
Bloodbond Vampire,Bloodbond Vampire,Creature — Vampire Shaman Ally,3,"Vampire, Shaman, Ally",jmp,uncommon,https://scryfall.com/card/jmp/209/bloodbond-vampire?utm_source=api
Bloodline Shaman,Bloodline Shaman,Creature — Elf Wizard Shaman,3,"Elf, Wizard, Shaman",ons,uncommon,https://scryfall.com/card/ons/249/bloodline-shaman?utm_source=api
Bloodthirsty Ogre,Bloodthirsty Ogre,Creature — Ogre Warrior Shaman,3,"Ogre, Warrior, Shaman",chk,uncommon,https://scryfall.com/card/chk/104/bloodthirsty-ogre?utm_source=api
"Blue Marvel, Adam Brashear","Blue Marvel, Adam Brashear",Legendary Creature — Human Scientist Hero,3,"Human, Scientist, Hero",msc,uncommon,https://scryfall.com/card/msc/530/blue-marvel-adam-brashear?utm_source=api
"Bob, Reluctant HYDRA Agent","Bob, Reluctant HYDRA Agent",Legendary Creature — Human Coward Villain,3,"Human, Coward, Villain",msc,uncommon,https://scryfall.com/card/msc/649/bob-reluctant-hydra-agent?utm_source=api
Boiling Rock Rioter,Boiling Rock Rioter,Creature — Human Rogue Ally,3,"Human, Rogue, Ally",tla,rare,https://scryfall.com/card/tla/87/boiling-rock-rioter?utm_source=api
Bojuka Brigand,Bojuka Brigand,Creature — Human Warrior Ally,3,"Human, Warrior, Ally",wwk,common,https://scryfall.com/card/wwk/51/bojuka-brigand?utm_source=api
Bola Warrior,Bola Warrior,Creature — Human Spellshaper Warrior,3,"Human, Spellshaper, Warrior",nem,common,https://scryfall.com/card/nem/78/bola-warrior?utm_source=api
Bonebind Orator,Bonebind Orator,Creature — Squirrel Warlock Bard,3,"Squirrel, Warlock, Bard",blb,common,https://scryfall.com/card/blb/84/bonebind-orator?utm_source=api
Borderland Ranger,Borderland Ranger,Creature — Human Scout Ranger,3,"Human, Scout, Ranger",avr,common,https://scryfall.com/card/avr/169/borderland-ranger?utm_source=api
Bounding Felidar,Bounding Felidar,Creature — Cat Beast Mount,3,"Cat, Beast, Mount",otj,uncommon,https://scryfall.com/card/otj/5/bounding-felidar?utm_source=api
Bounty Hunter,Bounty Hunter,Creature — Human Archer Minion,3,"Human, Archer, Minion",tmp,rare,https://scryfall.com/card/tmp/110/bounty-hunter?utm_source=api
Branchblight Stalker,Branchblight Stalker,Creature — Phyrexian Elf Scout,3,"Phyrexian, Elf, Scout",one,common,https://scryfall.com/card/one/160/branchblight-stalker?utm_source=api
Brave Brawler,Brave Brawler,Creature — Human Warrior Hero,3,"Human, Warrior, Hero",msh,common,https://scryfall.com/card/msh/8/brave-brawler?utm_source=api
"Brawn, Amadeus Cho","Brawn, Amadeus Cho",Legendary Creature — Gamma Scientist Hero,3,"Gamma, Scientist, Hero",msc,uncommon,https://scryfall.com/card/msc/567/brawn-amadeus-cho?utm_source=api
Breakneck Rider // Neck Breaker,Breakneck Rider,Creature — Human Scout Werewolf,3,"Human, Scout, Werewolf",soi,uncommon,https://scryfall.com/card/soi/147/breakneck-rider-neck-breaker?utm_source=api
Brine Shaman,Brine Shaman,Creature — Human Cleric Shaman,3,"Human, Cleric, Shaman",me2,common,https://scryfall.com/card/me2/80/brine-shaman?utm_source=api
"Brokkos, Apex of Forever","Brokkos, Apex of Forever",Legendary Creature — Nightmare Beast Elemental,3,"Nightmare, Beast, Elemental",iko,mythic,https://scryfall.com/card/iko/179/brokkos-apex-of-forever?utm_source=api
Bruce Banner // The Incredible Hulk,Bruce Banner,Legendary Creature — Human Scientist Hero,3,"Human, Scientist, Hero",msh,mythic,https://scryfall.com/card/msh/49/bruce-banner-the-incredible-hulk?utm_source=api
Bruce Banner // The Incredible Hulk,The Incredible Hulk,Legendary Creature — Gamma Berserker Hero,3,"Gamma, Berserker, Hero",msh,mythic,https://scryfall.com/card/msh/49/bruce-banner-the-incredible-hulk?utm_source=api
Brutal Cathar // Moonrage Brute,Brutal Cathar,Creature — Human Soldier Werewolf,3,"Human, Soldier, Werewolf",mid,rare,https://scryfall.com/card/mid/7/brutal-cathar-moonrage-brute?utm_source=api
"Bucky Barnes, Eager Ally","Bucky Barnes, Eager Ally",Legendary Creature — Human Soldier Hero,3,"Human, Soldier, Hero",msc,uncommon,https://scryfall.com/card/msc/586/bucky-barnes-eager-ally?utm_source=api
"Bullseye, Death Dealer","Bullseye, Death Dealer",Legendary Creature — Human Assassin Villain,3,"Human, Assassin, Villain",msh,uncommon,https://scryfall.com/card/msh/209/bullseye-death-dealer?utm_source=api
"Bumi, Eclectic Earthbender","Bumi, Eclectic Earthbender",Legendary Creature — Human Noble Ally,3,"Human, Noble, Ally",tle,rare,https://scryfall.com/card/tle/248/bumi-eclectic-earthbender?utm_source=api
"Bumi, King of Three Trials","Bumi, King of Three Trials",Legendary Creature — Human Noble Ally,3,"Human, Noble, Ally",tla,uncommon,https://scryfall.com/card/tla/169/bumi-king-of-three-trials?utm_source=api
"Bumi, Unleashed","Bumi, Unleashed",Legendary Creature — Human Noble Ally,3,"Human, Noble, Ally",tla,mythic,https://scryfall.com/card/tla/211/bumi-unleashed?utm_source=api
"Bushmaster, Coiled Henchman","Bushmaster, Coiled Henchman",Legendary Creature — Snake Human Villain,3,"Snake, Human, Villain",msc,common,https://scryfall.com/card/msc/716/bushmaster-coiled-henchman?utm_source=api
Cacophony Scamp,Cacophony Scamp,Creature — Phyrexian Goblin Warrior,3,"Phyrexian, Goblin, Warrior",one,uncommon,https://scryfall.com/card/one/124/cacophony-scamp?utm_source=api
Callidus Assassin,Callidus Assassin,Creature — Human Shapeshifter Assassin,3,"Human, Shapeshifter, Assassin",40k,rare,https://scryfall.com/card/40k/109/callidus-assassin?utm_source=api
"Cao Ren, Wei Commander","Cao Ren, Wei Commander",Legendary Creature — Human Soldier Warrior,3,"Human, Soldier, Warrior",ptk,rare,https://scryfall.com/card/ptk/69/cao-ren-wei-commander?utm_source=api
Capricious Sorcerer,Capricious Sorcerer,Creature — Human Wizard Sorcerer,3,"Human, Wizard, Sorcerer",por,rare,https://scryfall.com/card/por/43/capricious-sorcerer?utm_source=api
"Captain America, First Avenger","Captain America, First Avenger",Legendary Creature — Human Soldier Hero,3,"Human, Soldier, Hero",mar,mythic,https://scryfall.com/card/mar/88/captain-america-first-avenger?utm_source=api
"Captain America, Liberator","Captain America, Liberator",Legendary Creature — Human Soldier Hero,3,"Human, Soldier, Hero",msc,rare,https://scryfall.com/card/msc/587/captain-america-liberator?utm_source=api
"Captain America, Living Legend","Captain America, Living Legend",Legendary Creature — Human Soldier Hero,3,"Human, Soldier, Hero",msh,uncommon,https://scryfall.com/card/msh/210/captain-america-living-legend?utm_source=api
"Captain America, Skybound","Captain America, Skybound",Legendary Creature — Human Soldier Hero,3,"Human, Soldier, Hero",msc,rare,https://scryfall.com/card/msc/588/captain-america-skybound?utm_source=api
"Captain America, Steve Rogers","Captain America, Steve Rogers",Legendary Creature — Human Soldier Hero,3,"Human, Soldier, Hero",msc,rare,https://scryfall.com/card/msc/835/captain-america-steve-rogers?utm_source=api
"Captain America, Super-Soldier","Captain America, Super-Soldier",Legendary Creature — Human Soldier Hero,3,"Human, Soldier, Hero",msh,mythic,https://scryfall.com/card/msh/9/captain-america-super-soldier?utm_source=api
"Captain America, Team Leader","Captain America, Team Leader",Legendary Creature — Human Soldier Hero,3,"Human, Soldier, Hero",msc,mythic,https://scryfall.com/card/msc/5/captain-america-team-leader?utm_source=api
"Captain America, Unbowed","Captain America, Unbowed",Legendary Creature — Human Soldier Hero,3,"Human, Soldier, Hero",msc,rare,https://scryfall.com/card/msc/505/captain-america-unbowed?utm_source=api
"Captain America, Wings of Freedom","Captain America, Wings of Freedom",Legendary Creature — Human Soldier Hero,3,"Human, Soldier, Hero",msh,rare,https://scryfall.com/card/msh/10/captain-america-wings-of-freedom?utm_source=api
"Captain Mar-Vell, Space-Born","Captain Mar-Vell, Space-Born",Legendary Creature — Kree Soldier Hero,3,"Kree, Soldier, Hero",msh,uncommon,https://scryfall.com/card/msh/12/captain-mar-vell-space-born?utm_source=api
"Captain Marvel, Apex Avenger","Captain Marvel, Apex Avenger",Legendary Creature — Human Kree Hero,3,"Human, Kree, Hero",msc,rare,https://scryfall.com/card/msc/78/captain-marvel-apex-avenger?utm_source=api
"Captain Marvel, Earth's Protector","Captain Marvel, Earth's Protector",Legendary Creature — Human Kree Hero,3,"Human, Kree, Hero",msh,mythic,https://scryfall.com/card/msh/11/captain-marvel-earths-protector?utm_source=api
"Captain Marvel, Shooting Star","Captain Marvel, Shooting Star",Legendary Creature — Human Kree Hero,3,"Human, Kree, Hero",msc,mythic,https://scryfall.com/card/msc/589/captain-marvel-shooting-star?utm_source=api
Captain Rex Nebula,Captain Rex Nebula,Legendary Creature — Human Pilot Employee,3,"Human, Pilot, Employee",unf,rare,https://scryfall.com/card/unf/164/captain-rex-nebula?utm_source=api
Carnival Carnivore,Carnival Carnivore,Creature — Alien Crab Horror,3,"Alien, Crab, Horror",unf,common,https://scryfall.com/card/unf/68/carnival-carnivore?utm_source=api
Carnivorous Moss-Beast,Carnivorous Moss-Beast,Creature — Plant Elemental Beast,3,"Plant, Elemental, Beast",m15,common,https://scryfall.com/card/m15/170/carnivorous-moss-beast?utm_source=api
Cat Burglar,Cat Burglar,Creature — Kor Rogue Minion,3,"Kor, Rogue, Minion",exo,common,https://scryfall.com/card/exo/54/cat-burglar?utm_source=api
Caustic Bronco,Caustic Bronco,Creature — Snake Horse Mount,3,"Snake, Horse, Mount",otj,rare,https://scryfall.com/card/otj/82/caustic-bronco?utm_source=api
"Celes, Rune Knight","Celes, Rune Knight",Legendary Creature — Human Wizard Knight,3,"Human, Wizard, Knight",fic,mythic,https://scryfall.com/card/fic/1/celes-rune-knight?utm_source=api
Cephalid Scout,Cephalid Scout,Creature — Octopus Wizard Scout,3,"Octopus, Wizard, Scout",ody,common,https://scryfall.com/card/ody/74/cephalid-scout?utm_source=api
"Cerise, Slayer of Fear","Cerise, Slayer of Fear",Legendary Creature — Human Cleric Knight,3,"Human, Cleric, Knight",ywoe,rare,https://scryfall.com/card/ywoe/1/cerise-slayer-of-fear?utm_source=api
"Chameleon, Master of Disguise","Chameleon, Master of Disguise",Legendary Creature — Human Shapeshifter Villain,3,"Human, Shapeshifter, Villain",msc,uncommon,https://scryfall.com/card/msc/148/chameleon-master-of-disguise?utm_source=api
Chasm Guide,Chasm Guide,Creature — Goblin Scout Ally,3,"Goblin, Scout, Ally",bfz,uncommon,https://scryfall.com/card/bfz/143/chasm-guide?utm_source=api
Children of Korlis,Children of Korlis,Creature — Human Rebel Cleric,3,"Human, Rebel, Cleric",tsr,common,https://scryfall.com/card/tsr/14/children-of-korlis?utm_source=api
Chimney Rabble,Chimney Rabble,Creature — Phyrexian Goblin Warrior,3,"Phyrexian, Goblin, Warrior",one,common,https://scryfall.com/card/one/126/chimney-rabble?utm_source=api
"Chong and Lily, Nomads","Chong and Lily, Nomads",Legendary Creature — Human Bard Ally,3,"Human, Bard, Ally",tle,rare,https://scryfall.com/card/tle/113/chong-and-lily-nomads?utm_source=api
Chupacabra Echo,Chupacabra Echo,Creature — Beast Horror Spirit,3,"Beast, Horror, Spirit",lci,uncommon,https://scryfall.com/card/lci/97/chupacabra-echo?utm_source=api
"Cid, Freeflier Pilot","Cid, Freeflier Pilot",Legendary Creature — Human Warrior Pilot,3,"Human, Warrior, Pilot",fic,rare,https://scryfall.com/card/fic/13/cid-freeflier-pilot?utm_source=api
Circle of the Moon Druid,Circle of the Moon Druid,Creature — Human Elf Druid,3,"Human, Elf, Druid",afr,common,https://scryfall.com/card/afr/177/circle-of-the-moon-druid?utm_source=api
Citanul Stalwart,Citanul Stalwart,Creature — Elf Druid Soldier,3,"Elf, Druid, Soldier",bro,common,https://scryfall.com/card/bro/175/citanul-stalwart?utm_source=api
"Citizen V, Helmut Zemo","Citizen V, Helmut Zemo",Legendary Creature — Human Noble Villain,3,"Human, Noble, Villain",msc,rare,https://scryfall.com/card/msc/650/citizen-v-helmut-zemo?utm_source=api
Civic Wayfinder,Civic Wayfinder,Creature — Elf Druid Warrior,3,"Elf, Druid, Warrior",ddr,common,https://scryfall.com/card/ddr/5/civic-wayfinder?utm_source=api
Clamavus,Clamavus,Creature — Human Tyranid Artificer,3,"Human, Tyranid, Artificer",40k,rare,https://scryfall.com/card/40k/90/clamavus?utm_source=api
Cliffhaven Vampire,Cliffhaven Vampire,Creature — Vampire Warrior Ally,3,"Vampire, Warrior, Ally",ogw,uncommon,https://scryfall.com/card/ogw/153/cliffhaven-vampire?utm_source=api
Cliffside Lookout,Cliffside Lookout,Creature — Kor Scout Ally,3,"Kor, Scout, Ally",bfz,common,https://scryfall.com/card/bfz/20/cliffside-lookout?utm_source=api
"Clive, Ifrit's Dominant // Ifrit, Warden of Inferno","Clive, Ifrit's Dominant",Legendary Creature — Human Noble Warrior,3,"Human, Noble, Warrior",fin,mythic,https://scryfall.com/card/fin/133/clive-ifrits-dominant-ifrit-warden-of-inferno?utm_source=api
"Cloud, Ex-SOLDIER","Cloud, Ex-SOLDIER",Legendary Creature — Human Soldier Mercenary,3,"Human, Soldier, Mercenary",fic,mythic,https://scryfall.com/card/fic/2/cloud-ex-soldier?utm_source=api
"Cloud, Midgar Mercenary","Cloud, Midgar Mercenary",Legendary Creature — Human Soldier Mercenary,3,"Human, Soldier, Mercenary",fin,mythic,https://scryfall.com/card/fin/10/cloud-midgar-mercenary?utm_source=api
"Cloud, Planet's Champion","Cloud, Planet's Champion",Legendary Creature — Human Soldier Mercenary,3,"Human, Soldier, Mercenary",fin,mythic,https://scryfall.com/card/fin/552/cloud-planets-champion?utm_source=api
Cloudgoat Ranger,Cloudgoat Ranger,Creature — Giant Warrior Ranger,3,"Giant, Warrior, Ranger",khc,uncommon,https://scryfall.com/card/khc/21/cloudgoat-ranger?utm_source=api
Coiling Oracle,Coiling Oracle,Creature — Snake Elf Druid,3,"Snake, Elf, Druid",rvr,common,https://scryfall.com/card/rvr/172/coiling-oracle?utm_source=api
"Colleen Wing, Street Samurai","Colleen Wing, Street Samurai",Legendary Creature — Human Samurai Hero,3,"Human, Samurai, Hero",msh,uncommon,https://scryfall.com/card/msh/13/colleen-wing-street-samurai?utm_source=api
Combat Medic,Combat Medic,Creature — Human Cleric Soldier,3,"Human, Cleric, Soldier",me2,common,https://scryfall.com/card/me2/9/combat-medic?utm_source=api
Commander Greven il-Vec,Commander Greven il-Vec,Legendary Creature — Phyrexian Human Warrior,3,"Phyrexian, Human, Warrior",tpr,rare,https://scryfall.com/card/tpr/88/commander-greven-il-vec?utm_source=api
Common Crook,Common Crook,Creature — Human Rogue Villain,3,"Human, Rogue, Villain",msc,common,https://scryfall.com/card/msc/792/common-crook?utm_source=api
Compassionate Healer,Compassionate Healer,Creature — Human Cleric Ally,3,"Human, Cleric, Ally",tla,common,https://scryfall.com/card/tla/13/compassionate-healer?utm_source=api
Complaints Clerk,Complaints Clerk,Creature — Sloth Beast Employee,3,"Sloth, Beast, Employee",unf,uncommon,https://scryfall.com/card/unf/7/complaints-clerk?utm_source=api
Compleated Huntmaster,Compleated Huntmaster,Creature — Phyrexian Elf Warrior,3,"Phyrexian, Elf, Warrior",mom,uncommon,https://scryfall.com/card/mom/96/compleated-huntmaster?utm_source=api
Construction Arsonist,Construction Arsonist,Creature — Goblin Rogue Wizard,3,"Goblin, Rogue, Wizard",ymkm,rare,https://scryfall.com/card/ymkm/15/construction-arsonist?utm_source=api
Contagious Vorrac,Contagious Vorrac,Creature — Phyrexian Boar Beast,3,"Phyrexian, Boar, Beast",one,common,https://scryfall.com/card/one/164/contagious-vorrac?utm_source=api
Contract Hero,Contract Hero,Creature — Human Mercenary Hero,3,"Human, Mercenary, Hero",msc,common,https://scryfall.com/card/msc/683/contract-hero?utm_source=api
Copper Host Crusher,Copper Host Crusher,Creature — Phyrexian Bear Rhino,3,"Phyrexian, Bear, Rhino",mom,uncommon,https://scryfall.com/card/mom/181/copper-host-crusher?utm_source=api
Coralhelm Guide,Coralhelm Guide,Creature — Merfolk Scout Ally,3,"Merfolk, Scout, Ally",bbd,common,https://scryfall.com/card/bbd/116/coralhelm-guide?utm_source=api
Cosmic Spider-Man,Cosmic Spider-Man,Legendary Creature — Spider Human Hero,3,"Spider, Human, Hero",spm,mythic,https://scryfall.com/card/spm/127/cosmic-spider-man?utm_source=api
Council of Reeds,Council of Reeds,Legendary Creature — Human Scientist Hero,3,"Human, Scientist, Hero",msc,rare,https://scryfall.com/card/msc/28/council-of-reeds?utm_source=api
"Crossbones, Malicious Mercenary","Crossbones, Malicious Mercenary",Legendary Creature — Human Mercenary Villain,3,"Human, Mercenary, Villain",msh,uncommon,https://scryfall.com/card/msh/91/crossbones-malicious-mercenary?utm_source=api
Crossbow Infantry,Crossbow Infantry,Creature — Human Soldier Archer,3,"Human, Soldier, Archer",9ed,common,https://scryfall.com/card/9ed/12/crossbow-infantry?utm_source=api
Crustacean Commando,Crustacean Commando,Creature — Crab Mutant Soldier,3,"Crab, Mutant, Soldier",tmt,common,https://scryfall.com/card/tmt/33/crustacean-commando?utm_source=api
"Crystal, Inhuman Princess","Crystal, Inhuman Princess",Legendary Creature — Inhuman Noble Hero,3,"Inhuman, Noble, Hero",msc,rare,https://scryfall.com/card/msc/80/crystal-inhuman-princess?utm_source=api
Cytoplast Manipulator,Cytoplast Manipulator,Creature — Human Wizard Mutant,3,"Human, Wizard, Mutant",dis,rare,https://scryfall.com/card/dis/23/cytoplast-manipulator?utm_source=api
D'Avenant Archer,D'Avenant Archer,Creature — Human Soldier Archer,3,"Human, Soldier, Archer",me3,common,https://scryfall.com/card/me3/6/davenant-archer?utm_source=api
D'Avenant Healer,D'Avenant Healer,Creature — Human Cleric Archer,3,"Human, Cleric, Archer",tsp,common,https://scryfall.com/card/tsp/11/davenant-healer?utm_source=api
Dai Li Censor,Dai Li Censor,Creature — Human Soldier Advisor,3,"Human, Soldier, Advisor",tle,common,https://scryfall.com/card/tle/102/dai-li-censor?utm_source=api
Dakmor Sorceress,Dakmor Sorceress,Creature — Human Wizard Sorcerer,3,"Human, Wizard, Sorcerer",s99,rare,https://scryfall.com/card/s99/74/dakmor-sorceress?utm_source=api
Danny Pink,Danny Pink,Legendary Creature — Human Soldier Advisor,3,"Human, Soldier, Advisor",who,rare,https://scryfall.com/card/who/39/danny-pink?utm_source=api
Dauthi Mercenary,Dauthi Mercenary,Creature — Dauthi Knight Mercenary,3,"Dauthi, Knight, Mercenary",vma,common,https://scryfall.com/card/vma/114/dauthi-mercenary?utm_source=api
"Deadpool, Trading Card","Deadpool, Trading Card",Legendary Creature — Mutant Mercenary Hero,3,"Mutant, Mercenary, Hero",sld,mythic,https://scryfall.com/card/sld/1753/deadpool-trading-card?utm_source=api
Definitely Not a Turtle,Definitely Not a Turtle,Creature — Mutant Ninja Turtle,3,"Mutant, Ninja, Turtle",tmc,uncommon,https://scryfall.com/card/tmc/98/definitely-not-a-turtle?utm_source=api
Deserter's Disciple,Deserter's Disciple,Creature — Human Rebel Ally,3,"Human, Rebel, Ally",tla,common,https://scryfall.com/card/tla/131/deserters-disciple?utm_source=api
Devout Monk,Devout Monk,Creature — Human Monk Cleric,3,"Human, Monk, Cleric",s99,common,https://scryfall.com/card/s99/14/devout-monk?utm_source=api
Diligent Zookeeper,Diligent Zookeeper,Creature — Human Citizen Ally,3,"Human, Citizen, Ally",tla,rare,https://scryfall.com/card/tla/171/diligent-zookeeper?utm_source=api
"Dion, Bahamut's Dominant // Bahamut, Warden of Light","Dion, Bahamut's Dominant",Legendary Creature — Human Noble Knight,3,"Human, Noble, Knight",fin,rare,https://scryfall.com/card/fin/16/dion-bahamuts-dominant-bahamut-warden-of-light?utm_source=api
Dire Fleet Ravager,Dire Fleet Ravager,Creature — Orc Pirate Wizard,3,"Orc, Pirate, Wizard",otc,mythic,https://scryfall.com/card/otc/132/dire-fleet-ravager?utm_source=api
Director Nick Fury,Director Nick Fury,Legendary Creature — Human Spy Hero,3,"Human, Spy, Hero",msc,mythic,https://scryfall.com/card/msc/81/director-nick-fury?utm_source=api
Dirty Wererat,Dirty Wererat,Creature — Human Rat Minion,3,"Human, Rat, Minion",ody,common,https://scryfall.com/card/ody/130/dirty-wererat?utm_source=api
"Doc Ock, Evil Inventor","Doc Ock, Evil Inventor",Legendary Creature — Human Scientist Villain,3,"Human, Scientist, Villain",spe,rare,https://scryfall.com/card/spe/24/doc-ock-evil-inventor?utm_source=api
"Doc Ock, Sinister Scientist","Doc Ock, Sinister Scientist",Legendary Creature — Human Scientist Villain,3,"Human, Scientist, Villain",msc,common,https://scryfall.com/card/msc/783/doc-ock-sinister-scientist?utm_source=api
"Doc Samson, Super Psychiatrist","Doc Samson, Super Psychiatrist",Legendary Creature — Gamma Doctor Hero,3,"Gamma, Doctor, Hero",msh,uncommon,https://scryfall.com/card/msh/164/doc-samson-super-psychiatrist?utm_source=api
Doctor Doom,Doctor Doom,Legendary Creature — Human Scientist Villain,3,"Human, Scientist, Villain",msh,mythic,https://scryfall.com/card/msh/95/doctor-doom?utm_source=api
"Doctor Doom, King of Latveria","Doctor Doom, King of Latveria",Legendary Creature — Human Noble Villain,3,"Human, Noble, Villain",msc,mythic,https://scryfall.com/card/msc/6/doctor-doom-king-of-latveria?utm_source=api
"Doctor Doom, Unrivaled","Doctor Doom, Unrivaled",Legendary Creature — Human Sorcerer Villain,3,"Human, Sorcerer, Villain",msc,mythic,https://scryfall.com/card/msc/654/doctor-doom-unrivaled?utm_source=api
"Doctor Octopus, Master Planner","Doctor Octopus, Master Planner",Legendary Creature — Human Scientist Villain,3,"Human, Scientist, Villain",spm,mythic,https://scryfall.com/card/spm/128/doctor-octopus-master-planner?utm_source=api
"Doctor Strange, Surgeon","Doctor Strange, Surgeon",Legendary Creature — Human Doctor Hero,3,"Human, Doctor, Hero",msc,rare,https://scryfall.com/card/msc/591/doctor-strange-surgeon?utm_source=api
"Don & Leo, Problem Solvers","Don & Leo, Problem Solvers",Legendary Creature — Mutant Ninja Turtle,3,"Mutant, Ninja, Turtle",tmt,rare,https://scryfall.com/card/tmt/143/don-&-leo-problem-solvers?utm_source=api
"Don & Raph, Hard Science","Don & Raph, Hard Science",Legendary Creature — Mutant Ninja Turtle,3,"Mutant, Ninja, Turtle",tmt,rare,https://scryfall.com/card/tmt/144/don-&-raph-hard-science?utm_source=api
"Donatello, Gadget Master","Donatello, Gadget Master",Legendary Creature — Mutant Ninja Turtle,3,"Mutant, Ninja, Turtle",tmt,rare,https://scryfall.com/card/tmt/35/donatello-gadget-master?utm_source=api
"Donatello, Mutant Mechanic","Donatello, Mutant Mechanic",Legendary Creature — Mutant Ninja Turtle,3,"Mutant, Ninja, Turtle",tmt,mythic,https://scryfall.com/card/tmt/36/donatello-mutant-mechanic?utm_source=api
"Donatello, Rad Scientist","Donatello, Rad Scientist",Legendary Creature — Mutant Ninja Turtle,3,"Mutant, Ninja, Turtle",tmc,mythic,https://scryfall.com/card/tmc/109/donatello-rad-scientist?utm_source=api
"Donatello, Turtle Techie","Donatello, Turtle Techie",Legendary Creature — Mutant Ninja Turtle,3,"Mutant, Ninja, Turtle",tmt,common,https://scryfall.com/card/tmt/37/donatello-turtle-techie?utm_source=api
"Donatello, Way with Machines","Donatello, Way with Machines",Legendary Creature — Mutant Ninja Turtle,3,"Mutant, Ninja, Turtle",tmt,uncommon,https://scryfall.com/card/tmt/38/donatello-way-with-machines?utm_source=api
"Donatello, the Brains","Donatello, the Brains",Legendary Creature — Mutant Ninja Turtle,3,"Mutant, Ninja, Turtle",tmc,mythic,https://scryfall.com/card/tmc/2/donatello-the-brains?utm_source=api
Doomed Necromancer,Doomed Necromancer,Creature — Human Cleric Mercenary,3,"Human, Cleric, Mercenary",afc,rare,https://scryfall.com/card/afc/98/doomed-necromancer?utm_source=api
Dracosaur Auxiliary,Dracosaur Auxiliary,Creature — Dinosaur Dragon Mount,3,"Dinosaur, Dragon, Mount",dft,uncommon,https://scryfall.com/card/dft/122/dracosaur-auxiliary?utm_source=api
"Drafna, Founder of Lat-Nam","Drafna, Founder of Lat-Nam",Legendary Creature — Human Artificer Advisor,3,"Human, Artificer, Advisor",bro,rare,https://scryfall.com/card/bro/47/drafna-founder-of-lat-nam?utm_source=api
Dragonspeaker Shaman,Dragonspeaker Shaman,Creature — Human Barbarian Shaman,3,"Human, Barbarian, Shaman",afc,uncommon,https://scryfall.com/card/afc/330/dragonspeaker-shaman?utm_source=api
Drana's Chosen,Drana's Chosen,Creature — Vampire Shaman Ally,3,"Vampire, Shaman, Ally",ogw,rare,https://scryfall.com/card/ogw/84/dranas-chosen?utm_source=api
Drana's Emissary,Drana's Emissary,Creature — Vampire Cleric Ally,3,"Vampire, Cleric, Ally",bfz,uncommon,https://scryfall.com/card/bfz/210/dranas-emissary?utm_source=api
Dread Warlock,Dread Warlock,Creature — Human Wizard Warlock,3,"Human, Wizard, Warlock",m10,common,https://scryfall.com/card/m10/94/dread-warlock?utm_source=api
Dreadhorde Twins,Dreadhorde Twins,Creature — Zombie Jackal Warrior,3,"Zombie, Jackal, Warrior",war,uncommon,https://scryfall.com/card/war/126/dreadhorde-twins?utm_source=api
Dross Hopper,Dross Hopper,Creature — Phyrexian Insect Horror,3,"Phyrexian, Insect, Horror",som,common,https://scryfall.com/card/som/60/dross-hopper?utm_source=api
Druid of the Sacred Beaker,Druid of the Sacred Beaker,Creature — Deer Bird Ape Druid,3,"Bird, Ape, Druid",ust,uncommon,https://scryfall.com/card/ust/106/druid-of-the-sacred-beaker?utm_source=api
Drumhunter,Drumhunter,Creature — Human Druid Warrior,3,"Human, Druid, Warrior",c13,uncommon,https://scryfall.com/card/c13/142/drumhunter?utm_source=api
Duke Ulder Ravengard,Duke Ulder Ravengard,Legendary Creature — Human Noble Soldier,3,"Human, Noble, Soldier",clb,rare,https://scryfall.com/card/clb/272/duke-ulder-ravengard?utm_source=api
Dunerider Outlaw,Dunerider Outlaw,Creature — Human Rebel Rogue,3,"Human, Rebel, Rogue",tsr,uncommon,https://scryfall.com/card/tsr/112/dunerider-outlaw?utm_source=api
Duskwatch Recruiter // Krallenhorde Howler,Duskwatch Recruiter,Creature — Human Warrior Werewolf,3,"Human, Warrior, Werewolf",inr,uncommon,https://scryfall.com/card/inr/193/duskwatch-recruiter-krallenhorde-howler?utm_source=api
Earl of Squirrel,Earl of Squirrel,Creature — Squirrel Noble Advisor,3,"Squirrel, Noble, Advisor",ust,rare,https://scryfall.com/card/ust/108/earl-of-squirrel?utm_source=api
Earth King's Lieutenant,Earth King's Lieutenant,Creature — Human Soldier Ally,3,"Human, Soldier, Ally",tla,rare,https://scryfall.com/card/tla/217/earth-kings-lieutenant?utm_source=api
Earth Kingdom General,Earth Kingdom General,Creature — Human Soldier Ally,3,"Human, Soldier, Ally",tla,uncommon,https://scryfall.com/card/tla/173/earth-kingdom-general?utm_source=api
Earth Kingdom Jailer,Earth Kingdom Jailer,Creature — Human Soldier Ally,3,"Human, Soldier, Ally",tla,uncommon,https://scryfall.com/card/tla/16/earth-kingdom-jailer?utm_source=api
Earth Kingdom Protectors,Earth Kingdom Protectors,Creature — Human Soldier Ally,3,"Human, Soldier, Ally",tla,uncommon,https://scryfall.com/card/tla/17/earth-kingdom-protectors?utm_source=api
Earth Rumble Wrestlers,Earth Rumble Wrestlers,Creature — Human Warrior Performer,3,"Human, Warrior, Performer",tla,common,https://scryfall.com/card/tla/218/earth-rumble-wrestlers?utm_source=api
Earth Village Ruffians,Earth Village Ruffians,Creature — Human Soldier Rogue,3,"Human, Soldier, Rogue",tla,common,https://scryfall.com/card/tla/219/earth-village-ruffians?utm_source=api
Earthbending Student,Earthbending Student,Creature — Human Warrior Ally,3,"Human, Warrior, Ally",tle,uncommon,https://scryfall.com/card/tle/249/earthbending-student?utm_source=api
Earthen Ally,Earthen Ally,Creature — Human Soldier Ally,3,"Human, Soldier, Ally",tla,rare,https://scryfall.com/card/tla/177/earthen-ally?utm_source=api
East Wind Avatar,East Wind Avatar,Creature — Bird Spirit Avatar,3,"Bird, Spirit, Avatar",tmt,common,https://scryfall.com/card/tmt/5/east-wind-avatar?utm_source=api
Eastern Paladin,Eastern Paladin,Creature — Phyrexian Zombie Knight,3,"Phyrexian, Zombie, Knight",8ed,rare,https://scryfall.com/card/8ed/131/eastern-paladin?utm_source=api
"Eddie Brock // Venom, Lethal Protector",Eddie Brock,Legendary Creature — Human Hero Villain,3,"Human, Hero, Villain",spm,mythic,https://scryfall.com/card/spm/55/eddie-brock-venom-lethal-protector?utm_source=api
"Eddie Brock // Venom, Lethal Protector","Venom, Lethal Protector",Legendary Creature — Symbiote Hero Villain,3,"Symbiote, Hero, Villain",spm,mythic,https://scryfall.com/card/spm/55/eddie-brock-venom-lethal-protector?utm_source=api
"Edgar, King of Figaro","Edgar, King of Figaro",Legendary Creature — Human Artificer Noble,3,"Human, Artificer, Noble",fin,rare,https://scryfall.com/card/fin/51/edgar-king-of-figaro?utm_source=api
"Edgar, Master Machinist","Edgar, Master Machinist",Legendary Creature — Human Artificer Noble,3,"Human, Artificer, Noble",fic,rare,https://scryfall.com/card/fic/80/edgar-master-machinist?utm_source=api
Edward Kenway,Edward Kenway,Legendary Creature — Human Assassin Pirate,3,"Human, Assassin, Pirate",acr,mythic,https://scryfall.com/card/acr/53/edward-kenway?utm_source=api
"Eivor, Battle-Ready","Eivor, Battle-Ready",Legendary Creature — Human Assassin Warrior,3,"Human, Assassin, Warrior",acr,mythic,https://scryfall.com/card/acr/274/eivor-battle-ready?utm_source=api
"Eivor, Wolf-Kissed","Eivor, Wolf-Kissed",Legendary Creature — Human Assassin Warrior,3,"Human, Assassin, Warrior",acr,mythic,https://scryfall.com/card/acr/54/eivor-wolf-kissed?utm_source=api
"Elas il-Kor, Sadistic Pilgrim","Elas il-Kor, Sadistic Pilgrim",Legendary Creature — Phyrexian Kor Cleric,3,"Phyrexian, Kor, Cleric",dmu,uncommon,https://scryfall.com/card/dmu/198/elas-il-kor-sadistic-pilgrim?utm_source=api
Elder Druid,Elder Druid,Creature — Elf Cleric Druid,3,"Elf, Cleric, Druid",7ed,rare,https://scryfall.com/card/7ed/238/elder-druid?utm_source=api
"Elektra, Daughter of the Hand","Elektra, Daughter of the Hand",Legendary Creature — Human Ninja Villain,3,"Human, Ninja, Villain",msh,rare,https://scryfall.com/card/msh/97/elektra-daughter-of-the-hand?utm_source=api
"Elektra, Femme Fatale","Elektra, Femme Fatale",Legendary Creature — Human Assassin Hero,3,"Human, Assassin, Hero",msc,uncommon,https://scryfall.com/card/msc/687/elektra-femme-fatale?utm_source=api
Elenda and Azor,Elenda and Azor,Legendary Creature — Vampire Knight Sphinx,3,"Vampire, Knight, Sphinx",moc,mythic,https://scryfall.com/card/moc/6/elenda-and-azor?utm_source=api
Elite Archers,Elite Archers,Creature — Human Soldier Archer,3,"Human, Soldier, Archer",8ed,rare,https://scryfall.com/card/8ed/18/elite-archers?utm_source=api
Elturgard Ranger,Elturgard Ranger,Creature — Human Elf Ranger,3,"Human, Elf, Ranger",afr,common,https://scryfall.com/card/afr/182/elturgard-ranger?utm_source=api
Elvish Bard,Elvish Bard,Creature — Elf Shaman Bard,3,"Elf, Shaman, Bard",9ed,uncommon,https://scryfall.com/card/9ed/236/elvish-bard?utm_source=api
Emberstrike Duo,Emberstrike Duo,Creature — Elemental Warrior Shaman,3,"Elemental, Warrior, Shaman",shm,common,https://scryfall.com/card/shm/185/emberstrike-duo?utm_source=api
Emrakul's Messenger,Emrakul's Messenger,Creature — Eldrazi Faerie Rogue,3,"Eldrazi, Faerie, Rogue",mh3,uncommon,https://scryfall.com/card/mh3/61/emrakuls-messenger?utm_source=api
Ertai Resurrected,Ertai Resurrected,Legendary Creature — Phyrexian Human Wizard,3,"Phyrexian, Human, Wizard",dmu,rare,https://scryfall.com/card/dmu/199/ertai-resurrected?utm_source=api
"Ertai, the Corrupted","Ertai, the Corrupted",Legendary Creature — Phyrexian Human Wizard,3,"Phyrexian, Human, Wizard",pls,rare,https://scryfall.com/card/pls/107/ertai-the-corrupted?utm_source=api
"Etali, Primal Conqueror // Etali, Primal Sickness","Etali, Primal Sickness",Legendary Creature — Phyrexian Elder Dinosaur,3,"Phyrexian, Elder, Dinosaur",mom,rare,https://scryfall.com/card/mom/137/etali-primal-conqueror-etali-primal-sickness?utm_source=api
Etherium-Horn Sorcerer,Etherium-Horn Sorcerer,Artifact Creature — Minotaur Wizard Sorcerer,3,"Minotaur, Wizard, Sorcerer",c17,rare,https://scryfall.com/card/c17/171/etherium-horn-sorcerer?utm_source=api
Evangel of Synthesis,Evangel of Synthesis,Creature — Phyrexian Human Cleric,3,"Phyrexian, Human, Cleric",bro,uncommon,https://scryfall.com/card/bro/209/evangel-of-synthesis?utm_source=api
Evolution Witness,Evolution Witness,Creature — Elf Shaman Mutant,3,"Elf, Shaman, Mutant",mh3,common,https://scryfall.com/card/mh3/151/evolution-witness?utm_source=api
Expedition Envoy,Expedition Envoy,Creature — Human Scout Ally,3,"Human, Scout, Ally",bfz,uncommon,https://scryfall.com/card/bfz/24/expedition-envoy?utm_source=api
Experiment Five,Experiment Five,Creature — Bear Snake Mutant,3,"Bear, Snake, Mutant",cmb2,rare,https://scryfall.com/card/cmb2/73/experiment-five?utm_source=api
Experiment Twelve,Experiment Twelve,Creature — Elf Lizard Warrior,3,"Elf, Lizard, Warrior",mkc,rare,https://scryfall.com/card/mkc/37/experiment-twelve?utm_source=api
Extremis Elite,Extremis Elite,Creature — Human Mercenary Villain,3,"Human, Mercenary, Villain",msc,common,https://scryfall.com/card/msc/763/extremis-elite?utm_source=api
Exuberant Firestoker,Exuberant Firestoker,Creature — Human Druid Shaman,3,"Human, Druid, Shaman",ala,uncommon,https://scryfall.com/card/ala/99/exuberant-firestoker?utm_source=api
Exuberant Fuseling,Exuberant Fuseling,Creature — Phyrexian Goblin Warrior,3,"Phyrexian, Goblin, Warrior",one,uncommon,https://scryfall.com/card/one/129/exuberant-fuseling?utm_source=api
"Ezekiel Sims, Spider-Totem","Ezekiel Sims, Spider-Totem",Legendary Creature — Spider Human Advisor,3,"Spider, Human, Advisor",spm,uncommon,https://scryfall.com/card/spm/100/ezekiel-sims-spider-totem?utm_source=api
"Ezuri, Claw of Progress","Ezuri, Claw of Progress",Legendary Creature — Phyrexian Elf Warrior,3,"Phyrexian, Elf, Warrior",2x2,mythic,https://scryfall.com/card/2x2/211/ezuri-claw-of-progress?utm_source=api
"Ezuri, Stalker of Spheres","Ezuri, Stalker of Spheres",Legendary Creature — Phyrexian Elf Warrior,3,"Phyrexian, Elf, Warrior",one,rare,https://scryfall.com/card/one/201/ezuri-stalker-of-spheres?utm_source=api
Faithful Pikemaster,Faithful Pikemaster,Creature — Rhino Monk Soldier,3,"Rhino, Monk, Soldier",j25,common,https://scryfall.com/card/j25/3/faithful-pikemaster?utm_source=api
Falcon and Redwing,Falcon and Redwing,Legendary Creature — Human Bird Hero,3,"Human, Bird, Hero",msc,rare,https://scryfall.com/card/msc/14/falcon-and-redwing?utm_source=api
"Falcon, Joaquin Torres","Falcon, Joaquin Torres",Legendary Creature — Bird Human Hero,3,"Bird, Human, Hero",msc,uncommon,https://scryfall.com/card/msc/593/falcon-joaquin-torres?utm_source=api
Fallen Ferromancer,Fallen Ferromancer,Creature — Phyrexian Human Shaman,3,"Phyrexian, Human, Shaman",nph,uncommon,https://scryfall.com/card/nph/82/fallen-ferromancer?utm_source=api
Ferocious Werefox // Guard Change,Ferocious Werefox,Creature — Elf Fox Warrior,3,"Elf, Fox, Warrior",woe,common,https://scryfall.com/card/woe/170/ferocious-werefox-guard-change?utm_source=api
Fin Fang Foom,Fin Fang Foom,Legendary Creature — Alien Dragon Villain,3,"Alien, Dragon, Villain",msh,rare,https://scryfall.com/card/msh/129/fin-fang-foom?utm_source=api
Fin-Clade Fugitives,Fin-Clade Fugitives,Creature — Elf Salamander Rogue,3,"Elf, Salamander, Rogue",cmr,common,https://scryfall.com/card/cmr/227/fin-clade-fugitives?utm_source=api
Fire Bowman,Fire Bowman,Creature — Human Soldier Archer,3,"Human, Soldier, Archer",ptk,uncommon,https://scryfall.com/card/ptk/112/fire-bowman?utm_source=api
Fire Lord Zuko,Fire Lord Zuko,Legendary Creature — Human Noble Ally,3,"Human, Noble, Ally",tla,rare,https://scryfall.com/card/tla/221/fire-lord-zuko?utm_source=api
"Firebird, Blazing Ranger","Firebird, Blazing Ranger",Legendary Creature — Human Ranger Hero,3,"Human, Ranger, Hero",msc,rare,https://scryfall.com/card/msc/50/firebird-blazing-ranger?utm_source=api
Firebrand Ranger,Firebrand Ranger,Creature — Human Soldier Ranger,3,"Human, Soldier, Ranger",inv,uncommon,https://scryfall.com/card/inv/143/firebrand-ranger?utm_source=api
Firemantle Mage,Firemantle Mage,Creature — Human Shaman Ally,3,"Human, Shaman, Ally",bfz,uncommon,https://scryfall.com/card/bfz/145/firemantle-mage?utm_source=api
"Firion, Wild Rose Warrior","Firion, Wild Rose Warrior",Legendary Creature — Human Rebel Warrior,3,"Human, Rebel, Warrior",fin,rare,https://scryfall.com/card/fin/137/firion-wild-rose-warrior?utm_source=api
First-Time Flyer,First-Time Flyer,Creature — Human Pilot Ally,3,"Human, Pilot, Ally",tla,common,https://scryfall.com/card/tla/49/first-time-flyer?utm_source=api
"Fixer, Techno Terror","Fixer, Techno Terror",Legendary Creature — Human Artificer Villain,3,"Human, Artificer, Villain",msc,uncommon,https://scryfall.com/card/msc/656/fixer-techno-terror?utm_source=api
Flexible Waterbender,Flexible Waterbender,Creature — Human Warrior Ally,3,"Human, Warrior, Ally",tla,common,https://scryfall.com/card/tla/50/flexible-waterbender?utm_source=api
Foggy Swamp Hunters,Foggy Swamp Hunters,Creature — Human Ranger Ally,3,"Human, Ranger, Ally",tla,common,https://scryfall.com/card/tla/101/foggy-swamp-hunters?utm_source=api
Foggy Swamp Spirit Keeper,Foggy Swamp Spirit Keeper,Creature — Human Druid Ally,3,"Human, Druid, Ally",tla,uncommon,https://scryfall.com/card/tla/222/foggy-swamp-spirit-keeper?utm_source=api
Foggy Swamp Vinebender,Foggy Swamp Vinebender,Creature — Human Plant Ally,3,"Human, Plant, Ally",tla,common,https://scryfall.com/card/tla/180/foggy-swamp-vinebender?utm_source=api
Foot Mystic,Foot Mystic,Creature — Human Ninja Warlock,3,"Human, Ninja, Warlock",tmt,common,https://scryfall.com/card/tmt/63/foot-mystic?utm_source=api
Forecasting Fortune Teller,Forecasting Fortune Teller,Creature — Human Advisor Ally,3,"Human, Advisor, Ally",tla,common,https://scryfall.com/card/tla/51/forecasting-fortune-teller?utm_source=api
Forensic Gadgeteer,Forensic Gadgeteer,Creature — Vedalken Artificer Detective,3,"Vedalken, Artificer, Detective",mkm,rare,https://scryfall.com/card/mkm/57/forensic-gadgeteer?utm_source=api
Freedom Fighter Recruit,Freedom Fighter Recruit,Creature — Human Rebel Ally,3,"Human, Rebel, Ally",tle,common,https://scryfall.com/card/tle/118/freedom-fighter-recruit?utm_source=api
Frilled Mystic,Frilled Mystic,Creature — Elf Lizard Wizard,3,"Elf, Lizard, Wizard",rvr,uncommon,https://scryfall.com/card/rvr/183/frilled-mystic?utm_source=api
Frontline Devastator,Frontline Devastator,Creature — Zombie Minotaur Warrior,3,"Zombie, Minotaur, Warrior",hou,common,https://scryfall.com/card/hou/93/frontline-devastator?utm_source=api
Gamma Grotesque,Gamma Grotesque,Creature — Gamma Horror Villain,3,"Gamma, Horror, Villain",msc,rare,https://scryfall.com/card/msc/562/gamma-grotesque?utm_source=api
"Garnet, Princess of Alexandria","Garnet, Princess of Alexandria",Legendary Creature — Human Noble Cleric,3,"Human, Noble, Cleric",fin,uncommon,https://scryfall.com/card/fin/222/garnet-princess-of-alexandria?utm_source=api
Geier Reach Bandit // Vildin-Pack Alpha,Geier Reach Bandit,Creature — Human Rogue Werewolf,3,"Human, Rogue, Werewolf",inr,uncommon,https://scryfall.com/card/inr/156/geier-reach-bandit-vildin-pack-alpha?utm_source=api
Gemcutter Buccaneer,Gemcutter Buccaneer,Creature — Orc Pirate Artificer,3,"Orc, Pirate, Artificer",lcc,rare,https://scryfall.com/card/lcc/87/gemcutter-buccaneer?utm_source=api
Gempalm Sorcerer,Gempalm Sorcerer,Creature — Human Wizard Sorcerer,3,"Human, Wizard, Sorcerer",lgn,uncommon,https://scryfall.com/card/lgn/39/gempalm-sorcerer?utm_source=api
"Genevieve, Conniving Dragon","Genevieve, Conniving Dragon",Legendary Creature — Elder Dragon Gamer,3,"Elder, Dragon, Gamer",unk,rare,https://scryfall.com/card/unk/RZ05a/genevieve-conniving-dragon?utm_source=api
Genghis Frog,Genghis Frog,Legendary Creature — Frog Mutant Rogue,3,"Frog, Mutant, Rogue",tmt,uncommon,https://scryfall.com/card/tmt/148/genghis-frog?utm_source=api
Gerrard and Hanna,Gerrard and Hanna,Legendary Creature — Human Soldier Artificer,3,"Human, Soldier, Artificer",unk,rare,https://scryfall.com/card/unk/RW04a/gerrard-and-hanna?utm_source=api
"Gert and Old Lace, Runaways","Gert and Old Lace, Runaways",Legendary Creature — Human Dinosaur Hero,3,"Human, Dinosaur, Hero",msc,uncommon,https://scryfall.com/card/msc/568/gert-and-old-lace-runaways?utm_source=api
Geyser Leaper,Geyser Leaper,Creature — Human Warrior Ally,3,"Human, Warrior, Ally",tla,common,https://scryfall.com/card/tla/52/geyser-leaper?utm_source=api
"Ghost, Spectral Saboteur","Ghost, Spectral Saboteur",Legendary Creature — Human Rogue Villain,3,"Human, Rogue, Villain",msh,uncommon,https://scryfall.com/card/msh/214/ghost-spectral-saboteur?utm_source=api
"Ghost-Spider, Gwen Stacy","Ghost-Spider, Gwen Stacy",Legendary Creature — Spider Human Hero,3,"Spider, Human, Hero",spe,mythic,https://scryfall.com/card/spe/14/ghost-spider-gwen-stacy?utm_source=api
"Giant-Man, Gargantuan Genius","Giant-Man, Gargantuan Genius",Legendary Creature — Human Scientist Hero,3,"Human, Scientist, Hero",msc,rare,https://scryfall.com/card/msc/722/giant-man-gargantuan-genius?utm_source=api
Gixian Skullflayer,Gixian Skullflayer,Creature — Phyrexian Human Assassin,3,"Phyrexian, Human, Assassin",bro,common,https://scryfall.com/card/bro/100/gixian-skullflayer?utm_source=api
Glamorous Grapplers,Glamorous Grapplers,Creature — Human Performer Villain,3,"Human, Performer, Villain",msc,common,https://scryfall.com/card/msc/536/glamorous-grapplers?utm_source=api
"Glarb, Calamity's Augur","Glarb, Calamity's Augur",Legendary Creature — Frog Wizard Noble,3,"Frog, Wizard, Noble",blb,mythic,https://scryfall.com/card/blb/215/glarb-calamitys-augur?utm_source=api
Glider Kids,Glider Kids,Creature — Human Pilot Ally,3,"Human, Pilot, Ally",tla,common,https://scryfall.com/card/tla/21/glider-kids?utm_source=api
Glintwing Invoker,Glintwing Invoker,Creature — Human Wizard Mutant,3,"Human, Wizard, Mutant",dmr,common,https://scryfall.com/card/dmr/52/glintwing-invoker?utm_source=api
Glissa Sunslayer,Glissa Sunslayer,Legendary Creature — Phyrexian Zombie Elf,3,"Phyrexian, Zombie, Elf",ecc,rare,https://scryfall.com/card/ecc/122/glissa-sunslayer?utm_source=api
"Glissa, Herald of Predation","Glissa, Herald of Predation",Legendary Creature — Phyrexian Zombie Elf,3,"Phyrexian, Zombie, Elf",mom,rare,https://scryfall.com/card/mom/226/glissa-herald-of-predation?utm_source=api
"Glissa, the Traitor","Glissa, the Traitor",Legendary Creature — Phyrexian Zombie Elf,3,"Phyrexian, Zombie, Elf",mbs,mythic,https://scryfall.com/card/mbs/96/glissa-the-traitor?utm_source=api
Glistener Elf,Glistener Elf,Creature — Phyrexian Elf Warrior,3,"Phyrexian, Elf, Warrior",nph,common,https://scryfall.com/card/nph/111/glistener-elf?utm_source=api
Goblin Cruciverbalist,Goblin Cruciverbalist,Creature — Goblin Wizard Guest,3,"Goblin, Wizard, Guest",unf,rare,https://scryfall.com/card/unf/110/goblin-cruciverbalist?utm_source=api
Goblin Freerunner,Goblin Freerunner,Creature — Goblin Warrior Ally,3,"Goblin, Warrior, Ally",ogw,common,https://scryfall.com/card/ogw/111/goblin-freerunner?utm_source=api
Goblin Test Pilot,Goblin Test Pilot,Creature — Goblin Pilot Wizard,3,"Goblin, Pilot, Wizard",dgm,uncommon,https://scryfall.com/card/dgm/74/goblin-test-pilot?utm_source=api
Goldnight Commander,Goldnight Commander,Creature — Human Cleric Soldier,3,"Human, Cleric, Soldier",tdc,uncommon,https://scryfall.com/card/tdc/117/goldnight-commander?utm_source=api
Golgari Death Swarm,Golgari Death Swarm,Creature — Bat Fungus Horror,3,"Bat, Fungus, Horror",cmb2,rare,https://scryfall.com/card/cmb2/91/golgari-death-swarm?utm_source=api
"Goliath, Mass Manipulator","Goliath, Mass Manipulator",Legendary Creature — Human Scientist Hero,3,"Human, Scientist, Hero",msc,uncommon,https://scryfall.com/card/msc/766/goliath-mass-manipulator?utm_source=api
Goretusk Firebeast,Goretusk Firebeast,Creature — Elemental Boar Beast,3,"Elemental, Boar, Beast",jud,common,https://scryfall.com/card/jud/91/goretusk-firebeast?utm_source=api
Gran-Gran,Gran-Gran,Legendary Creature — Human Peasant Ally,3,"Human, Peasant, Ally",tla,uncommon,https://scryfall.com/card/tla/54/gran-gran?utm_source=api
Grassland Crusader,Grassland Crusader,Creature — Human Cleric Soldier,3,"Human, Cleric, Soldier",ons,common,https://scryfall.com/card/ons/32/grassland-crusader?utm_source=api
Gravelgill Duo,Gravelgill Duo,Creature — Merfolk Rogue Warrior,3,"Merfolk, Rogue, Warrior",shm,common,https://scryfall.com/card/shm/165/gravelgill-duo?utm_source=api
Graypelt Hunter,Graypelt Hunter,Creature — Human Warrior Ally,3,"Human, Warrior, Ally",ddp,common,https://scryfall.com/card/ddp/13/graypelt-hunter?utm_source=api
Great Divide Guide,Great Divide Guide,Creature — Human Scout Ally,3,"Human, Scout, Ally",tla,rare,https://scryfall.com/card/tla/181/great-divide-guide?utm_source=api
"Green Goblin, Back for More","Green Goblin, Back for More",Legendary Creature — Goblin Human Villain,3,"Goblin, Human, Villain",msc,rare,https://scryfall.com/card/msc/657/green-goblin-back-for-more?utm_source=api
"Green Goblin, Nemesis","Green Goblin, Nemesis",Legendary Creature — Goblin Human Villain,3,"Goblin, Human, Villain",spe,rare,https://scryfall.com/card/spe/23/green-goblin-nemesis?utm_source=api
"Green Goblin, Revenant","Green Goblin, Revenant",Legendary Creature — Goblin Human Villain,3,"Goblin, Human, Villain",spm,uncommon,https://scryfall.com/card/spm/130/green-goblin-revenant?utm_source=api
"Grendel, Spawn of Knull","Grendel, Spawn of Knull",Legendary Creature — Symbiote Dragon Villain,3,"Symbiote, Dragon, Villain",spe,uncommon,https://scryfall.com/card/spe/9/grendel-spawn-of-knull?utm_source=api
"Greven, Predator Captain","Greven, Predator Captain",Legendary Creature — Phyrexian Human Warrior,3,"Phyrexian, Human, Warrior",c19,mythic,https://scryfall.com/card/c19/43/greven-predator-captain?utm_source=api
Groundchuck & Dirtbag,Groundchuck & Dirtbag,Legendary Creature — Ox Mole Mutant,3,"Ox, Mole, Mutant",tmt,rare,https://scryfall.com/card/tmt/115/groundchuck-&-dirtbag?utm_source=api
Grovetender Druids,Grovetender Druids,Creature — Elf Druid Ally,3,"Elf, Druid, Ally",bfz,uncommon,https://scryfall.com/card/bfz/212/grovetender-druids?utm_source=api
Growth-Chamber Guardian,Growth-Chamber Guardian,Creature — Elf Crab Warrior,3,"Elf, Crab, Warrior",rna,rare,https://scryfall.com/card/rna/128/growth-chamber-guardian?utm_source=api
"Guan Yu, Sainted Warrior","Guan Yu, Sainted Warrior",Legendary Creature — Human Soldier Warrior,3,"Human, Soldier, Warrior",me3,uncommon,https://scryfall.com/card/me3/12/guan-yu-sainted-warrior?utm_source=api
Guerrilla Gorilla,Guerrilla Gorilla,Creature — Ape Soldier Hero,3,"Ape, Soldier, Hero",msh,common,https://scryfall.com/card/msh/169/guerrilla-gorilla?utm_source=api
Guildsworn Prowler,Guildsworn Prowler,Creature — Tiefling Rogue Assassin,3,"Tiefling, Rogue, Assassin",clb,common,https://scryfall.com/card/clb/130/guildsworn-prowler?utm_source=api
Guru Pathik,Guru Pathik,Legendary Creature — Human Monk Ally,3,"Human, Monk, Ally",tla,uncommon,https://scryfall.com/card/tla/223/guru-pathik?utm_source=api
Gwen Stacy // Ghost-Spider,Gwen Stacy,Legendary Creature — Human Performer Hero,3,"Human, Performer, Hero",spm,mythic,https://scryfall.com/card/spm/78/gwen-stacy-ghost-spider?utm_source=api
Gwen Stacy // Ghost-Spider,Ghost-Spider,Legendary Creature — Spider Human Hero,3,"Spider, Human, Hero",spm,mythic,https://scryfall.com/card/spm/78/gwen-stacy-ghost-spider?utm_source=api
"Gwenna, Eyes of Gaea","Gwenna, Eyes of Gaea",Legendary Creature — Elf Druid Scout,3,"Elf, Druid, Scout",bro,rare,https://scryfall.com/card/bro/185/gwenna-eyes-of-gaea?utm_source=api
"Gwenom, Remorseless","Gwenom, Remorseless",Legendary Creature — Symbiote Spider Hero,3,"Symbiote, Spider, Hero",spm,mythic,https://scryfall.com/card/spm/56/gwenom-remorseless?utm_source=api
HYDRA Troopers,HYDRA Troopers,Creature — Human Soldier Villain,3,"Human, Soldier, Villain",msh,common,https://scryfall.com/card/msh/101/hydra-troopers?utm_source=api
Hada Freeblade,Hada Freeblade,Creature — Human Soldier Ally,3,"Human, Soldier, Ally",wwk,uncommon,https://scryfall.com/card/wwk/7/hada-freeblade?utm_source=api
Hagra Diabolist,Hagra Diabolist,Creature — Ogre Shaman Ally,3,"Ogre, Shaman, Ally",zen,uncommon,https://scryfall.com/card/zen/95/hagra-diabolist?utm_source=api
Hagra Sharpshooter,Hagra Sharpshooter,Creature — Human Assassin Ally,3,"Human, Assassin, Ally",bfz,uncommon,https://scryfall.com/card/bfz/113/hagra-sharpshooter?utm_source=api
"Hakoda, Selfless Commander","Hakoda, Selfless Commander",Legendary Creature — Human Warrior Ally,3,"Human, Warrior, Ally",tla,rare,https://scryfall.com/card/tla/23/hakoda-selfless-commander?utm_source=api
Halana and Alena and Gisa and Geralf,Halana and Alena and Gisa and Geralf,Legendary Creature — Human Ranger Wizard,3,"Human, Ranger, Wizard",unk,rare,https://scryfall.com/card/unk/RZ04c/halana-and-alena-and-gisa-and-geralf?utm_source=api
"Halana, Kessig Ranger","Halana, Kessig Ranger",Legendary Creature — Human Archer Ranger,3,"Human, Archer, Ranger",cmr,uncommon,https://scryfall.com/card/cmr/231/halana-kessig-ranger?utm_source=api
Half-Elf Monk,Half-Elf Monk,Creature — Human Elf Monk,3,"Human, Elf, Monk",afr,common,https://scryfall.com/card/afr/19/half-elf-monk?utm_source=api
Halimar Excavator,Halimar Excavator,Creature — Human Wizard Ally,3,"Human, Wizard, Ally",wwk,common,https://scryfall.com/card/wwk/29/halimar-excavator?utm_source=api
Halimar Tidecaller,Halimar Tidecaller,Creature — Human Wizard Ally,3,"Human, Wizard, Ally",bfz,uncommon,https://scryfall.com/card/bfz/79/halimar-tidecaller?utm_source=api
"Hammerhead, Maggia Boss","Hammerhead, Maggia Boss",Legendary Creature — Human Rogue Villain,3,"Human, Rogue, Villain",msc,uncommon,https://scryfall.com/card/msc/659/hammerhead-maggia-boss?utm_source=api
"Hancock, Ghoulish Mayor","Hancock, Ghoulish Mayor",Legendary Creature — Zombie Mutant Advisor,3,"Zombie, Mutant, Advisor",pip,rare,https://scryfall.com/card/pip/45/hancock-ghoulish-mayor?utm_source=api
Hanweir Watchkeep // Bane of Hanweir,Hanweir Watchkeep,Creature — Human Warrior Werewolf,3,"Human, Warrior, Werewolf",inr,common,https://scryfall.com/card/inr/158/hanweir-watchkeep-bane-of-hanweir?utm_source=api
Harabaz Druid,Harabaz Druid,Creature — Human Druid Ally,3,"Human, Druid, Ally",wwk,rare,https://scryfall.com/card/wwk/105/harabaz-druid?utm_source=api
Harmonized Trio // Brainstorm,Harmonized Trio,Creature — Merfolk Bard Wizard,3,"Merfolk, Bard, Wizard",sos,rare,https://scryfall.com/card/sos/52/harmonized-trio-brainstorm?utm_source=api
"Haru, Hidden Talent","Haru, Hidden Talent",Legendary Creature — Human Peasant Ally,3,"Human, Peasant, Ally",tla,uncommon,https://scryfall.com/card/tla/182/haru-hidden-talent?utm_source=api
Hatut Zeraze Strike Force,Hatut Zeraze Strike Force,Creature — Human Spy Warrior,3,"Human, Spy, Warrior",msc,rare,https://scryfall.com/card/msc/15/hatut-zeraze-strike-force?utm_source=api
"Hawkeye, Avenging Archer","Hawkeye, Avenging Archer",Legendary Creature — Human Archer Hero,3,"Human, Archer, Hero",msc,rare,https://scryfall.com/card/msc/84/hawkeye-avenging-archer?utm_source=api
"Hawkeye, Bowslinger","Hawkeye, Bowslinger",Legendary Creature — Human Archer Hero,3,"Human, Archer, Hero",msc,rare,https://scryfall.com/card/msc/596/hawkeye-bowslinger?utm_source=api
"Hawkeye, Clint Barton","Hawkeye, Clint Barton",Legendary Creature — Human Archer Hero,3,"Human, Archer, Hero",msc,uncommon,https://scryfall.com/card/msc/518/hawkeye-clint-barton?utm_source=api
"Hawkeye, Master Marksman","Hawkeye, Master Marksman",Legendary Creature — Human Archer Hero,3,"Human, Archer, Hero",msh,rare,https://scryfall.com/card/msh/130/hawkeye-master-marksman?utm_source=api
"Hawkeye, Trick Shot","Hawkeye, Trick Shot",Legendary Creature — Human Archer Hero,3,"Human, Archer, Hero",msc,rare,https://scryfall.com/card/msc/506/hawkeye-trick-shot?utm_source=api
"Hawkeye, Young Avenger","Hawkeye, Young Avenger",Legendary Creature — Human Archer Hero,3,"Human, Archer, Hero",msh,uncommon,https://scryfall.com/card/msh/131/hawkeye-young-avenger?utm_source=api
Hedge Whisperer,Hedge Whisperer,Creature — Elf Druid Detective,3,"Elf, Druid, Detective",mkm,uncommon,https://scryfall.com/card/mkm/165/hedge-whisperer?utm_source=api
"Helmut Zemo, Mastermind","Helmut Zemo, Mastermind",Legendary Creature — Human Noble Villain,3,"Human, Noble, Villain",msc,rare,https://scryfall.com/card/msc/32/helmut-zemo-mastermind?utm_source=api
"Hercules, Olympian Hero","Hercules, Olympian Hero",Legendary Creature — Demigod Warrior Hero,3,"Demigod, Warrior, Hero",msc,rare,https://scryfall.com/card/msc/16/hercules-olympian-hero?utm_source=api
"Hercules, Prince of Power","Hercules, Prince of Power",Legendary Creature — Demigod Warrior Hero,3,"Demigod, Warrior, Hero",msh,uncommon,https://scryfall.com/card/msh/171/hercules-prince-of-power?utm_source=api
Hermitic Herbalist,Hermitic Herbalist,Creature — Human Druid Ally,3,"Human, Druid, Ally",tla,uncommon,https://scryfall.com/card/tla/226/hermitic-herbalist?utm_source=api
Hero of Goma Fada,Hero of Goma Fada,Creature — Human Knight Ally,3,"Human, Knight, Ally",bfz,rare,https://scryfall.com/card/bfz/31/hero-of-goma-fada?utm_source=api
Heroes in a Half Shell,Heroes in a Half Shell,Legendary Creature — Mutant Ninja Turtle,3,"Mutant, Ninja, Turtle",tmc,mythic,https://scryfall.com/card/tmc/6/heroes-in-a-half-shell?utm_source=api
Hidetsugu and Kairi,Hidetsugu and Kairi,Legendary Creature — Ogre Demon Dragon,3,"Ogre, Demon, Dragon",mom,rare,https://scryfall.com/card/mom/228/hidetsugu-and-kairi?utm_source=api
Highland Berserker,Highland Berserker,Creature — Human Berserker Ally,3,"Human, Berserker, Ally",zen,common,https://scryfall.com/card/zen/132/highland-berserker?utm_source=api
"Hobgoblin, Mantled Marauder","Hobgoblin, Mantled Marauder",Legendary Creature — Goblin Human Villain,3,"Goblin, Human, Villain",msc,uncommon,https://scryfall.com/card/msc/805/hobgoblin-mantled-marauder?utm_source=api
Hollow Dogs,Hollow Dogs,Creature — Phyrexian Zombie Dog,3,"Phyrexian, Zombie, Dog",9ed,common,https://scryfall.com/card/9ed/139/hollow-dogs?utm_source=api
Honorable Scout,Honorable Scout,Creature — Human Soldier Scout,3,"Human, Soldier, Scout",pls,common,https://scryfall.com/card/pls/8/honorable-scout?utm_source=api
Honored Knight-Captain,Honored Knight-Captain,Creature — Human Advisor Knight,3,"Human, Advisor, Knight",eoe,uncommon,https://scryfall.com/card/eoe/22/honored-knight-captain?utm_source=api
Hostile Investigator,Hostile Investigator,Creature — Ogre Rogue Detective,3,"Ogre, Rogue, Detective",big,mythic,https://scryfall.com/card/big/10/hostile-investigator?utm_source=api
House Cartographer,House Cartographer,Creature — Human Scout Survivor,3,"Human, Scout, Survivor",dsk,uncommon,https://scryfall.com/card/dsk/185/house-cartographer?utm_source=api
"Huatli, Poet of Unity // Roar of the Fifth People","Huatli, Poet of Unity",Legendary Creature — Human Warrior Bard,3,"Human, Warrior, Bard",lci,mythic,https://scryfall.com/card/lci/189/huatli-poet-of-unity-roar-of-the-fifth-people?utm_source=api
"Hulk, Always Angry","Hulk, Always Angry",Legendary Creature — Gamma Berserker Hero,3,"Gamma, Berserker, Hero",msc,rare,https://scryfall.com/card/msc/502/hulk-always-angry?utm_source=api
"Hulk, Bruce Banner","Hulk, Bruce Banner",Legendary Creature — Gamma Berserker Hero,3,"Gamma, Berserker, Hero",msc,uncommon,https://scryfall.com/card/msc/850/hulk-bruce-banner?utm_source=api
"Hulk, Brutal Brawler","Hulk, Brutal Brawler",Legendary Creature — Gamma Berserker Hero,3,"Gamma, Berserker, Hero",msc,mythic,https://scryfall.com/card/msc/833/hulk-brutal-brawler?utm_source=api
"Hulk, Gamma Goliath","Hulk, Gamma Goliath",Legendary Creature — Gamma Berserker Hero,3,"Gamma, Berserker, Hero",msh,uncommon,https://scryfall.com/card/msh/215/hulk-gamma-goliath?utm_source=api
"Hulk, Strongest There Is","Hulk, Strongest There Is",Legendary Creature — Gamma Berserker Hero,3,"Gamma, Berserker, Hero",msc,rare,https://scryfall.com/card/msc/724/hulk-strongest-there-is?utm_source=api
"Hulkling, Burgeoning Bruiser","Hulkling, Burgeoning Bruiser",Legendary Creature — Kree Skrull Hero,3,"Kree, Skrull, Hero",msh,uncommon,https://scryfall.com/card/msh/173/hulkling-burgeoning-bruiser?utm_source=api
"Hulkling, Young Avenger","Hulkling, Young Avenger",Legendary Creature — Kree Skrull Hero,3,"Kree, Skrull, Hero",msc,rare,https://scryfall.com/card/msc/689/hulkling-young-avenger?utm_source=api
"Hurkyl, Master Wizard","Hurkyl, Master Wizard",Legendary Creature — Human Wizard Advisor,3,"Human, Wizard, Advisor",bro,rare,https://scryfall.com/card/bro/51/hurkyl-master-wizard?utm_source=api
Hydroid Krasis,Hydroid Krasis,Creature — Jellyfish Hydra Beast,3,"Jellyfish, Hydra, Beast",soc,rare,https://scryfall.com/card/soc/315/hydroid-krasis?utm_source=api
Icatian Scout,Icatian Scout,Creature — Human Soldier Scout,3,"Human, Soldier, Scout",me2,common,https://scryfall.com/card/me2/17/icatian-scout?utm_source=api
"Ich-Tekik, Salvage Splicer","Ich-Tekik, Salvage Splicer",Legendary Creature — Phyrexian Human Artificer,3,"Phyrexian, Human, Artificer",cmr,uncommon,https://scryfall.com/card/cmr/233/ich-tekik-salvage-splicer?utm_source=api
Iguana Parrot,Iguana Parrot,Creature — Lizard Bird Pirate,3,"Lizard, Bird, Pirate",tla,common,https://scryfall.com/card/tla/56/iguana-parrot?utm_source=api
"Illuna, Apex of Wishes","Illuna, Apex of Wishes",Legendary Creature — Beast Elemental Dinosaur,3,"Beast, Elemental, Dinosaur",dmc,mythic,https://scryfall.com/card/dmc/154/illuna-apex-of-wishes?utm_source=api
"Immortus, Master of Eternity","Immortus, Master of Eternity",Legendary Creature — Human Hero Villain,3,"Human, Hero, Villain",msc,mythic,https://scryfall.com/card/msc/623/immortus-master-of-eternity?utm_source=api
"Imoen, Chaotic Trickster","Imoen, Chaotic Trickster",Legendary Creature — Human Rogue Wizard,3,"Human, Rogue, Wizard",hbg,rare,https://scryfall.com/card/hbg/7r/imoen-chaotic-trickster?utm_source=api
"Imoen, Honorable Trickster","Imoen, Honorable Trickster",Legendary Creature — Human Rogue Wizard,3,"Human, Rogue, Wizard",hbg,rare,https://scryfall.com/card/hbg/7w/imoen-honorable-trickster?utm_source=api
"Imoen, Mystic Trickster","Imoen, Mystic Trickster",Legendary Creature — Human Rogue Wizard,3,"Human, Rogue, Wizard",clb,uncommon,https://scryfall.com/card/clb/77/imoen-mystic-trickster?utm_source=api
"Imoen, Occult Trickster","Imoen, Occult Trickster",Legendary Creature — Human Rogue Wizard,3,"Human, Rogue, Wizard",hbg,rare,https://scryfall.com/card/hbg/7b/imoen-occult-trickster?utm_source=api
"Imoen, Trickster Friend","Imoen, Trickster Friend",Legendary Creature — Human Rogue Wizard,3,"Human, Rogue, Wizard",hbg,rare,https://scryfall.com/card/hbg/7/imoen-trickster-friend?utm_source=api
"Imoen, Wily Trickster","Imoen, Wily Trickster",Legendary Creature — Human Rogue Wizard,3,"Human, Rogue, Wizard",hbg,rare,https://scryfall.com/card/hbg/7u/imoen-wily-trickster?utm_source=api
"Imoen, Wise Trickster","Imoen, Wise Trickster",Legendary Creature — Human Rogue Wizard,3,"Human, Rogue, Wizard",hbg,rare,https://scryfall.com/card/hbg/7g/imoen-wise-trickster?utm_source=api
Inner Demons Gangsters,Inner Demons Gangsters,Creature — Human Rogue Villain,3,"Human, Rogue, Villain",msc,common,https://scryfall.com/card/msc/797/inner-demons-gangsters?utm_source=api
Inspired Insurgent,Inspired Insurgent,Creature — Human Peasant Ally,3,"Human, Peasant, Ally",tle,common,https://scryfall.com/card/tle/77/inspired-insurgent?utm_source=api
Invasion Reinforcements,Invasion Reinforcements,Creature — Human Warrior Ally,3,"Human, Warrior, Ally",tla,uncommon,https://scryfall.com/card/tla/24/invasion-reinforcements?utm_source=api
"Irma, Part-Time Mutant","Irma, Part-Time Mutant",Legendary Creature — Human Mutant Shapeshifter,3,"Human, Mutant, Shapeshifter",tmc,rare,https://scryfall.com/card/tmc/12/irma-part-time-mutant?utm_source=api
"Iroh, Dragon of the West","Iroh, Dragon of the West",Legendary Creature — Human Noble Ally,3,"Human, Noble, Ally",tle,rare,https://scryfall.com/card/tle/119/iroh-dragon-of-the-west?utm_source=api
"Iroh, Firebending Instructor","Iroh, Firebending Instructor",Legendary Creature — Human Noble Ally,3,"Human, Noble, Ally",tle,uncommon,https://scryfall.com/card/tle/240/iroh-firebending-instructor?utm_source=api
"Iroh, Grand Lotus","Iroh, Grand Lotus",Legendary Creature — Human Noble Ally,3,"Human, Noble, Ally",tla,rare,https://scryfall.com/card/tla/227/iroh-grand-lotus?utm_source=api
"Iroh, Tea Master","Iroh, Tea Master",Legendary Creature — Human Citizen Ally,3,"Human, Citizen, Ally",tla,rare,https://scryfall.com/card/tla/228/iroh-tea-master?utm_source=api
"Iron Fist, Hero for Hire","Iron Fist, Hero for Hire",Legendary Creature — Human Mercenary Hero,3,"Human, Mercenary, Hero",msc,rare,https://scryfall.com/card/msc/692/iron-fist-hero-for-hire?utm_source=api
"Iron Fist, Living Weapon","Iron Fist, Living Weapon",Legendary Creature — Human Warrior Hero,3,"Human, Warrior, Hero",msh,uncommon,https://scryfall.com/card/msh/138/iron-fist-living-weapon?utm_source=api
"Jack of Hearts, Volatile Hero","Jack of Hearts, Volatile Hero",Legendary Creature — Alien Human Hero,3,"Alien, Human, Hero",msc,rare,https://scryfall.com/card/msc/693/jack-of-hearts-volatile-hero?utm_source=api
"Jackal, Genius Geneticist","Jackal, Genius Geneticist",Legendary Creature — Human Scientist Villain,3,"Human, Scientist, Villain",spm,rare,https://scryfall.com/card/spm/131/jackal-genius-geneticist?utm_source=api
Jadelight Ranger,Jadelight Ranger,Creature — Merfolk Scout Ranger,3,"Merfolk, Scout, Ranger",rix,rare,https://scryfall.com/card/rix/136/jadelight-ranger?utm_source=api
"Jaheira, Friend of the Forest","Jaheira, Friend of the Forest",Legendary Creature — Human Elf Druid,3,"Human, Elf, Druid",clb,rare,https://scryfall.com/card/clb/237/jaheira-friend-of-the-forest?utm_source=api
"Jaheira, Harper Emissary","Jaheira, Harper Emissary",Legendary Creature — Human Elf Druid,3,"Human, Elf, Druid",hbg,uncommon,https://scryfall.com/card/hbg/16/jaheira-harper-emissary?utm_source=api
"Jaheira, Heroic Harper","Jaheira, Heroic Harper",Legendary Creature — Human Elf Druid,3,"Human, Elf, Druid",hbg,uncommon,https://scryfall.com/card/hbg/16w/jaheira-heroic-harper?utm_source=api
"Jaheira, Insightful Harper","Jaheira, Insightful Harper",Legendary Creature — Human Elf Druid,3,"Human, Elf, Druid",hbg,uncommon,https://scryfall.com/card/hbg/16u/jaheira-insightful-harper?utm_source=api
"Jaheira, Merciful Harper","Jaheira, Merciful Harper",Legendary Creature — Human Elf Druid,3,"Human, Elf, Druid",hbg,uncommon,https://scryfall.com/card/hbg/16g/jaheira-merciful-harper?utm_source=api
"Jaheira, Ruthless Harper","Jaheira, Ruthless Harper",Legendary Creature — Human Elf Druid,3,"Human, Elf, Druid",hbg,uncommon,https://scryfall.com/card/hbg/16b/jaheira-ruthless-harper?utm_source=api
"Jaheira, Stirring Harper","Jaheira, Stirring Harper",Legendary Creature — Human Elf Druid,3,"Human, Elf, Druid",hbg,uncommon,https://scryfall.com/card/hbg/16r/jaheira-stirring-harper?utm_source=api
"Jason Bright, Glowing Prophet","Jason Bright, Glowing Prophet",Legendary Creature — Zombie Mutant Advisor,3,"Zombie, Mutant, Advisor",pip,rare,https://scryfall.com/card/pip/32/jason-bright-glowing-prophet?utm_source=api
Jennifer Walters // The Sensational She-Hulk,Jennifer Walters,Legendary Creature — Human Advisor Hero,3,"Human, Advisor, Hero",msh,mythic,https://scryfall.com/card/msh/18/jennifer-walters-the-sensational-she-hulk?utm_source=api
"Jennika, Bad Apple Big Sister","Jennika, Bad Apple Big Sister",Legendary Creature — Mutant Ninja Turtle,3,"Mutant, Ninja, Turtle",tmt,common,https://scryfall.com/card/tmt/10/jennika-bad-apple-big-sister?utm_source=api
Jeong Jeong's Deserters,Jeong Jeong's Deserters,Creature — Human Rebel Ally,3,"Human, Rebel, Ally",tla,common,https://scryfall.com/card/tla/25/jeong-jeongs-deserters?utm_source=api
"Jeong Jeong, the Deserter","Jeong Jeong, the Deserter",Legendary Creature — Human Rebel Ally,3,"Human, Rebel, Ally",tla,uncommon,https://scryfall.com/card/tla/142/jeong-jeong-the-deserter?utm_source=api
Jeska and Kamahl,Jeska and Kamahl,Legendary Creature — Human Barbarian Warrior,3,"Human, Barbarian, Warrior",unk,uncommon,https://scryfall.com/card/unk/UR04b/jeska-and-kamahl?utm_source=api
"Jeska, Warrior Adept","Jeska, Warrior Adept",Legendary Creature — Human Barbarian Warrior,3,"Human, Barbarian, Warrior",jud,rare,https://scryfall.com/card/jud/93/jeska-warrior-adept?utm_source=api
"Jessica Jones, Private Eye","Jessica Jones, Private Eye",Legendary Creature — Human Detective Hero,3,"Human, Detective, Hero",msh,uncommon,https://scryfall.com/card/msh/139/jessica-jones-private-eye?utm_source=api
"Jet, Freedom Fighter","Jet, Freedom Fighter",Legendary Creature — Human Rebel Ally,3,"Human, Rebel, Ally",tla,uncommon,https://scryfall.com/card/tla/229/jet-freedom-fighter?utm_source=api
"Jet, Rebel Leader","Jet, Rebel Leader",Legendary Creature — Human Rebel Ally,3,"Human, Rebel, Ally",tle,rare,https://scryfall.com/card/tle/78/jet-rebel-leader?utm_source=api
"Jill, Shiva's Dominant // Shiva, Warden of Ice","Jill, Shiva's Dominant",Legendary Creature — Human Noble Warrior,3,"Human, Noble, Warrior",fin,rare,https://scryfall.com/card/fin/58/jill-shivas-dominant-shiva-warden-of-ice?utm_source=api
"Johann, Apprentice Sorcerer","Johann, Apprentice Sorcerer",Legendary Creature — Human Wizard Sorcerer,3,"Human, Wizard, Sorcerer",woe,uncommon,https://scryfall.com/card/woe/207/johann-apprentice-sorcerer?utm_source=api
Joined Researchers // Secret Rendezvous,Joined Researchers,Creature — Human Cleric Wizard,3,"Human, Cleric, Wizard",sos,rare,https://scryfall.com/card/sos/23/joined-researchers-secret-rendezvous?utm_source=api
Joraga Auxiliary,Joraga Auxiliary,Creature — Elf Soldier Ally,3,"Elf, Soldier, Ally",ogw,uncommon,https://scryfall.com/card/ogw/154/joraga-auxiliary?utm_source=api
"Joshua, Phoenix's Dominant // Phoenix, Warden of Fire","Joshua, Phoenix's Dominant",Legendary Creature — Human Noble Wizard,3,"Human, Noble, Wizard",fin,rare,https://scryfall.com/card/fin/229/joshua-phoenixs-dominant-phoenix-warden-of-fire?utm_source=api
Judge Magister Gabranth,Judge Magister Gabranth,Legendary Creature — Human Advisor Knight,3,"Human, Advisor, Knight",fin,uncommon,https://scryfall.com/card/fin/230/judge-magister-gabranth?utm_source=api
Judoon Enforcers,Judoon Enforcers,Creature — Alien Rhino Soldier,3,"Alien, Rhino, Soldier",who,uncommon,https://scryfall.com/card/who/138/judoon-enforcers?utm_source=api
Juniper Order Druid,Juniper Order Druid,Creature — Human Cleric Druid,3,"Human, Cleric, Druid",ice,common,https://scryfall.com/card/ice/251/juniper-order-druid?utm_source=api
Juniper Order Ranger,Juniper Order Ranger,Creature — Human Knight Ranger,3,"Human, Knight, Ranger",moc,uncommon,https://scryfall.com/card/moc/330/juniper-order-ranger?utm_source=api
"K'rrik, Son of Yawgmoth","K'rrik, Son of Yawgmoth",Legendary Creature — Phyrexian Horror Minion,3,"Phyrexian, Horror, Minion",mh3,rare,https://scryfall.com/card/mh3/274/krrik-son-of-yawgmoth?utm_source=api
K'un-Lun Warrior,K'un-Lun Warrior,Creature — Human Warrior Hero,3,"Human, Warrior, Hero",msh,common,https://scryfall.com/card/msh/140/kun-lun-warrior?utm_source=api
Ka-Zar of the Savage Land,Ka-Zar of the Savage Land,Legendary Creature — Human Barbarian Hero,3,"Human, Barbarian, Hero",msh,uncommon,https://scryfall.com/card/msh/174/ka-zar-of-the-savage-land?utm_source=api
Kabira Evangel,Kabira Evangel,Creature — Human Cleric Ally,3,"Human, Cleric, Ally",zen,rare,https://scryfall.com/card/zen/15/kabira-evangel?utm_source=api
"Kadena, Slinking Sorcerer","Kadena, Slinking Sorcerer",Legendary Creature — Snake Wizard Sorcerer,3,"Snake, Wizard, Sorcerer",c19,mythic,https://scryfall.com/card/c19/45/kadena-slinking-sorcerer?utm_source=api
"Kalain, Reclusive Painter","Kalain, Reclusive Painter",Legendary Creature — Human Elf Bard,3,"Human, Elf, Bard",afr,uncommon,https://scryfall.com/card/afr/225/kalain-reclusive-painter?utm_source=api
Kalastria Healer,Kalastria Healer,Creature — Vampire Cleric Ally,3,"Vampire, Cleric, Ally",bfz,common,https://scryfall.com/card/bfz/114/kalastria-healer?utm_source=api
Kalastria Nightwatch,Kalastria Nightwatch,Creature — Vampire Warrior Ally,3,"Vampire, Warrior, Ally",jmp,common,https://scryfall.com/card/jmp/245/kalastria-nightwatch?utm_source=api
"Karvanista, Loyal Lupari // Lupari Shield","Karvanista, Loyal Lupari",Legendary Creature — Alien Dog Soldier,3,"Alien, Dog, Soldier",who,rare,https://scryfall.com/card/who/106/karvanista-loyal-lupari-lupari-shield?utm_source=api
"Kassandra, Eagle Bearer","Kassandra, Eagle Bearer",Legendary Creature — Human Assassin Warrior,3,"Human, Assassin, Warrior",acr,mythic,https://scryfall.com/card/acr/59/kassandra-eagle-bearer?utm_source=api
"Katara, Bending Prodigy","Katara, Bending Prodigy",Legendary Creature — Human Warrior Ally,3,"Human, Warrior, Ally",tla,uncommon,https://scryfall.com/card/tla/59/katara-bending-prodigy?utm_source=api
"Katara, Heroic Healer","Katara, Heroic Healer",Legendary Creature — Human Warrior Ally,3,"Human, Warrior, Ally",tle,uncommon,https://scryfall.com/card/tle/215/katara-heroic-healer?utm_source=api
"Katara, Seeking Revenge","Katara, Seeking Revenge",Legendary Creature — Human Warrior Ally,3,"Human, Warrior, Ally",tle,uncommon,https://scryfall.com/card/tle/148/katara-seeking-revenge?utm_source=api
"Katara, Water Tribe's Hope","Katara, Water Tribe's Hope",Legendary Creature — Human Warrior Ally,3,"Human, Warrior, Ally",tla,rare,https://scryfall.com/card/tla/231/katara-water-tribes-hope?utm_source=api
"Katara, Waterbending Master","Katara, Waterbending Master",Legendary Creature — Human Warrior Ally,3,"Human, Warrior, Ally",tle,mythic,https://scryfall.com/card/tle/93/katara-waterbending-master?utm_source=api
"Katara, the Fearless","Katara, the Fearless",Legendary Creature — Human Warrior Ally,3,"Human, Warrior, Ally",tla,rare,https://scryfall.com/card/tla/230/katara-the-fearless?utm_source=api
Kazandu Blademaster,Kazandu Blademaster,Creature — Human Soldier Ally,3,"Human, Soldier, Ally",zen,uncommon,https://scryfall.com/card/zen/16/kazandu-blademaster?utm_source=api
Kazuul Warlord,Kazuul Warlord,Creature — Minotaur Warrior Ally,3,"Minotaur, Warrior, Ally",zen,rare,https://scryfall.com/card/zen/134/kazuul-warlord?utm_source=api
Keeper of Keys,Keeper of Keys,Creature — Human Rogue Mutant,3,"Human, Rogue, Mutant",cn2,rare,https://scryfall.com/card/cn2/34/keeper-of-keys?utm_source=api
Keldon Berserker,Keldon Berserker,Creature — Human Soldier Berserker,3,"Human, Soldier, Berserker",pcy,common,https://scryfall.com/card/pcy/93/keldon-berserker?utm_source=api
"Kellan, Daring Traveler // Journey On","Kellan, Daring Traveler",Legendary Creature — Human Faerie Scout,3,"Human, Faerie, Scout",lci,rare,https://scryfall.com/card/lci/231/kellan-daring-traveler-journey-on?utm_source=api
"Kellan, Inquisitive Prodigy // Tail the Suspect","Kellan, Inquisitive Prodigy",Legendary Creature — Human Faerie Detective,3,"Human, Faerie, Detective",mkm,rare,https://scryfall.com/card/mkm/212/kellan-inquisitive-prodigy-tail-the-suspect?utm_source=api
"Kellan, Planar Trailblazer","Kellan, Planar Trailblazer",Legendary Creature — Human Faerie Scout,3,"Human, Faerie, Scout",fdn,rare,https://scryfall.com/card/fdn/91/kellan-planar-trailblazer?utm_source=api
"Kellan, the Kid","Kellan, the Kid",Legendary Creature — Human Faerie Rogue,3,"Human, Faerie, Rogue",otj,mythic,https://scryfall.com/card/otj/213/kellan-the-kid?utm_source=api
"Keskit, the Flesh Sculptor","Keskit, the Flesh Sculptor",Legendary Creature — Phyrexian Human Artificer,3,"Phyrexian, Human, Artificer",moc,uncommon,https://scryfall.com/card/moc/254/keskit-the-flesh-sculptor?utm_source=api
Kessig Forgemaster // Flameheart Werewolf,Kessig Forgemaster,Creature — Human Shaman Werewolf,3,"Human, Shaman, Werewolf",soi,uncommon,https://scryfall.com/card/soi/169/kessig-forgemaster-flameheart-werewolf?utm_source=api
Kharis & The Beholder,Kharis & The Beholder,Legendary Creature — Dragon Eye Wizard,3,"Dragon, Eye, Wizard",ph18,mythic,https://scryfall.com/card/ph18/1/kharis-&-the-beholder?utm_source=api
Khenra Eternal,Khenra Eternal,Creature — Zombie Jackal Warrior,3,"Zombie, Jackal, Warrior",hou,common,https://scryfall.com/card/hou/66/khenra-eternal?utm_source=api
Kid Loki,Kid Loki,Legendary Creature — God Hero Villain,3,"God, Hero, Villain",msh,uncommon,https://scryfall.com/card/msh/63/kid-loki?utm_source=api
"Killmonger, Scourge of Wakanda","Killmonger, Scourge of Wakanda",Legendary Creature — Human Mercenary Villain,3,"Human, Mercenary, Villain",msh,uncommon,https://scryfall.com/card/msh/218/killmonger-scourge-of-wakanda?utm_source=api
"King T'Challa // Black Panther, Hope Enduring",King T'Challa,Legendary Creature — Human Noble Hero,3,"Human, Noble, Hero",msh,mythic,https://scryfall.com/card/msh/219/king-tchalla-black-panther-hope-enduring?utm_source=api
"King T'Challa // Black Panther, Hope Enduring","Black Panther, Hope Enduring",Legendary Creature — Human Warrior Hero,3,"Human, Warrior, Hero",msh,mythic,https://scryfall.com/card/msh/219/king-tchalla-black-panther-hope-enduring?utm_source=api
"Kitsune, Dragon's Daughter","Kitsune, Dragon's Daughter",Legendary Creature — Fox Warlock Avatar,3,"Fox, Warlock, Avatar",tmt,rare,https://scryfall.com/card/tmt/41/kitsune-dragons-daughter?utm_source=api
"Kitt Kanto, Mayhem Diva","Kitt Kanto, Mayhem Diva",Legendary Creature — Cat Bard Druid,3,"Cat, Bard, Druid",ncc,mythic,https://scryfall.com/card/ncc/4/kitt-kanto-mayhem-diva?utm_source=api
"Klaw, Master of Sound","Klaw, Master of Sound",Legendary Creature — Elemental Rogue Villain,3,"Elemental, Rogue, Villain",msc,rare,https://scryfall.com/card/msc/46/klaw-master-of-sound?utm_source=api
"Klaw, Sonic Subjugator","Klaw, Sonic Subjugator",Legendary Creature — Human Rogue Villain,3,"Human, Rogue, Villain",msh,uncommon,https://scryfall.com/card/msh/103/klaw-sonic-subjugator?utm_source=api
Knight in _____ Armor,Knight in _____ Armor,Creature — Human Knight Performer,3,"Human, Knight, Performer",unf,uncommon,https://scryfall.com/card/unf/17/knight-in-_____-armor?utm_source=api
Knight of Wundagore,Knight of Wundagore,Creature — Cat Knight Villain,3,"Cat, Knight, Villain",msh,common,https://scryfall.com/card/msh/175/knight-of-wundagore?utm_source=api
Knight of the Holy Nimbus,Knight of the Holy Nimbus,Creature — Human Rebel Knight,3,"Human, Rebel, Knight",tsr,uncommon,https://scryfall.com/card/tsr/23/knight-of-the-holy-nimbus?utm_source=api
Kogla and Yidaro,Kogla and Yidaro,Legendary Creature — Ape Dinosaur Turtle,3,"Ape, Dinosaur, Turtle",mom,rare,https://scryfall.com/card/mom/244/kogla-and-yidaro?utm_source=api
"Koma and Toski, Compleated","Koma and Toski, Compleated",Legendary Creature — Phyrexian Serpent Squirrel,3,"Phyrexian, Serpent, Squirrel",unk,rare,https://scryfall.com/card/unk/RZ08b/koma-and-toski-compleated?utm_source=api
Kor Bladewhirl,Kor Bladewhirl,Creature — Kor Soldier Ally,3,"Kor, Soldier, Ally",bfz,uncommon,https://scryfall.com/card/bfz/34/kor-bladewhirl?utm_source=api
Kor Castigator,Kor Castigator,Creature — Kor Wizard Ally,3,"Kor, Wizard, Ally",bfz,common,https://scryfall.com/card/bfz/35/kor-castigator?utm_source=api
Kor Entanglers,Kor Entanglers,Creature — Kor Soldier Ally,3,"Kor, Soldier, Ally",bfz,uncommon,https://scryfall.com/card/bfz/36/kor-entanglers?utm_source=api
Kor Scythemaster,Kor Scythemaster,Creature — Kor Soldier Ally,3,"Kor, Soldier, Ally",ogw,common,https://scryfall.com/card/ogw/23/kor-scythemaster?utm_source=api
Kor Sky Climber,Kor Sky Climber,Creature — Kor Soldier Ally,3,"Kor, Soldier, Ally",ogw,common,https://scryfall.com/card/ogw/24/kor-sky-climber?utm_source=api
"Koya, Death from Above","Koya, Death from Above",Legendary Creature — Mutant Ninja Bird,3,"Mutant, Ninja, Bird",tmt,uncommon,https://scryfall.com/card/tmt/11/koya-death-from-above?utm_source=api
Krang & Shredder,Krang & Shredder,Legendary Creature — Utrom Human Ninja,3,"Utrom, Human, Ninja",tmt,rare,https://scryfall.com/card/tmt/153/krang-&-shredder?utm_source=api
Kraven the Hunter,Kraven the Hunter,Legendary Creature — Human Warrior Villain,3,"Human, Warrior, Villain",spm,rare,https://scryfall.com/card/spm/133/kraven-the-hunter?utm_source=api
"Kraven, Proud Predator","Kraven, Proud Predator",Legendary Creature — Human Warrior Villain,3,"Human, Warrior, Villain",spm,uncommon,https://scryfall.com/card/spm/132/kraven-proud-predator?utm_source=api
Kree Commandos,Kree Commandos,Creature — Kree Soldier Villain,3,"Kree, Soldier, Villain",msh,common,https://scryfall.com/card/msh/19/kree-commandos?utm_source=api
Kree Sentinel,Kree Sentinel,Artifact Creature — Kree Robot Villain,3,"Kree, Robot, Villain",msh,common,https://scryfall.com/card/msh/141/kree-sentinel?utm_source=api
Krovikan Sorcerer,Krovikan Sorcerer,Creature — Human Wizard Sorcerer,3,"Human, Wizard, Sorcerer",vma,common,https://scryfall.com/card/vma/77/krovikan-sorcerer?utm_source=api
Kroxa and Kunoros,Kroxa and Kunoros,Legendary Creature — Elder Giant Dog,3,"Elder, Giant, Dog",mom,mythic,https://scryfall.com/card/mom/245/kroxa-and-kunoros?utm_source=api
Kruin Outlaw // Terror of Kruin Pass,Kruin Outlaw,Creature — Human Rogue Werewolf,3,"Human, Rogue, Werewolf",inr,rare,https://scryfall.com/card/inr/161/kruin-outlaw-terror-of-kruin-pass?utm_source=api
Krydle of Baldur's Gate,Krydle of Baldur's Gate,Legendary Creature — Human Elf Rogue,3,"Human, Elf, Rogue",afr,uncommon,https://scryfall.com/card/afr/226/krydle-of-baldurs-gate?utm_source=api
"Kuja, Genome Sorcerer // Trance Kuja, Fate Defied","Kuja, Genome Sorcerer",Legendary Creature — Human Mutant Wizard,3,"Human, Mutant, Wizard",fin,rare,https://scryfall.com/card/fin/232/kuja-genome-sorcerer-trance-kuja-fate-defied?utm_source=api
Kyoshi Warrior Exemplars,Kyoshi Warrior Exemplars,Creature — Human Warrior Ally,3,"Human, Warrior, Ally",tle,uncommon,https://scryfall.com/card/tle/140/kyoshi-warrior-exemplars?utm_source=api
Kyoshi Warrior Guard,Kyoshi Warrior Guard,Creature — Human Warrior Ally,3,"Human, Warrior, Ally",tle,common,https://scryfall.com/card/tle/216/kyoshi-warrior-guard?utm_source=api
Kyoshi Warriors,Kyoshi Warriors,Creature — Human Warrior Ally,3,"Human, Warrior, Ally",tla,common,https://scryfall.com/card/tla/26/kyoshi-warriors?utm_source=api
"Lady Loki, Agent of Chaos","Lady Loki, Agent of Chaos",Legendary Creature — God Sorcerer Villain,3,"God, Sorcerer, Villain",msc,rare,https://scryfall.com/card/msc/54/lady-loki-agent-of-chaos?utm_source=api
"Lady Octopus, Inspired Inventor","Lady Octopus, Inspired Inventor",Legendary Creature — Human Scientist Villain,3,"Human, Scientist, Villain",spm,rare,https://scryfall.com/card/spm/35/lady-octopus-inspired-inventor?utm_source=api
"Lady Spider, Maybelle Reilly","Lady Spider, Maybelle Reilly",Legendary Creature — Spider Human Hero,3,"Spider, Human, Hero",msc,uncommon,https://scryfall.com/card/msc/695/lady-spider-maybelle-reilly?utm_source=api
"Lady Zhurong, Warrior Queen","Lady Zhurong, Warrior Queen",Legendary Creature — Human Soldier Warrior,3,"Human, Soldier, Warrior",ptk,rare,https://scryfall.com/card/ptk/139/lady-zhurong-warrior-queen?utm_source=api
"Lae'zel, Illithid Thrall","Lae'zel, Illithid Thrall",Legendary Creature — Gith Horror Warrior,3,"Gith, Horror, Warrior",hbg,rare,https://scryfall.com/card/hbg/2u/laezel-illithid-thrall?utm_source=api
Lambholt Pacifist // Lambholt Butcher,Lambholt Pacifist,Creature — Human Shaman Werewolf,3,"Human, Shaman, Werewolf",soi,uncommon,https://scryfall.com/card/soi/215/lambholt-pacifist-lambholt-butcher?utm_source=api
Lantern Scout,Lantern Scout,Creature — Human Scout Ally,3,"Human, Scout, Ally",bfz,rare,https://scryfall.com/card/bfz/37/lantern-scout?utm_source=api
"Leader, Super-Genius","Leader, Super-Genius",Legendary Creature — Gamma Scientist Villain,3,"Gamma, Scientist, Villain",msh,rare,https://scryfall.com/card/msh/64/leader-super-genius?utm_source=api
"Leatherhead, Iron Gator","Leatherhead, Iron Gator",Legendary Creature — Crocodile Mutant Rogue,3,"Crocodile, Mutant, Rogue",tmc,rare,https://scryfall.com/card/tmc/30/leatherhead-iron-gator?utm_source=api
"Leatherhead, Swamp Stalker","Leatherhead, Swamp Stalker",Legendary Creature — Crocodile Mutant Rogue,3,"Crocodile, Mutant, Rogue",tmt,rare,https://scryfall.com/card/tmt/117/leatherhead-swamp-stalker?utm_source=api
"Leonardo, Big Brother","Leonardo, Big Brother",Legendary Creature — Mutant Ninja Turtle,3,"Mutant, Ninja, Turtle",tmt,common,https://scryfall.com/card/tmt/14/leonardo-big-brother?utm_source=api
"Leonardo, Cutting Edge","Leonardo, Cutting Edge",Legendary Creature — Mutant Ninja Turtle,3,"Mutant, Ninja, Turtle",tmt,rare,https://scryfall.com/card/tmt/15/leonardo-cutting-edge?utm_source=api
"Leonardo, Leader in Blue","Leonardo, Leader in Blue",Legendary Creature — Mutant Ninja Turtle,3,"Mutant, Ninja, Turtle",tmt,uncommon,https://scryfall.com/card/tmt/16/leonardo-leader-in-blue?utm_source=api
"Leonardo, Worldly Warrior","Leonardo, Worldly Warrior",Legendary Creature — Mutant Ninja Turtle,3,"Mutant, Ninja, Turtle",tmc,mythic,https://scryfall.com/card/tmc/101/leonardo-worldly-warrior?utm_source=api
"Leonardo, the Balance","Leonardo, the Balance",Legendary Creature — Mutant Ninja Turtle,3,"Mutant, Ninja, Turtle",tmc,mythic,https://scryfall.com/card/tmc/1/leonardo-the-balance?utm_source=api
Liberated Livestock,Liberated Livestock,Creature — Cat Bird Ox,3,"Cat, Bird, Ox",woc,rare,https://scryfall.com/card/woc/5/liberated-livestock?utm_source=api
Line Cutter,Line Cutter,Creature — Human Rogue Guest,3,"Human, Rogue, Guest",unf,common,https://scryfall.com/card/unf/80/line-cutter?utm_source=api
"Lita, Little Orphan Amphibian","Lita, Little Orphan Amphibian",Legendary Creature — Mutant Ninja Turtle,3,"Mutant, Ninja, Turtle",tmt,uncommon,https://scryfall.com/card/tmt/19/lita-little-orphan-amphibian?utm_source=api
"Lockjaw, Slobbering Teleporter","Lockjaw, Slobbering Teleporter",Legendary Creature — Inhuman Dog Hero,3,"Inhuman, Dog, Hero",msc,rare,https://scryfall.com/card/msc/36/lockjaw-slobbering-teleporter?utm_source=api
Loki Laufeyson,Loki Laufeyson,Legendary Creature — God Sorcerer Villain,3,"God, Sorcerer, Villain",msh,uncommon,https://scryfall.com/card/msh/143/loki-laufeyson?utm_source=api
"Loki, God of Lies","Loki, God of Lies",Legendary Creature — God Sorcerer Villain,3,"God, Sorcerer, Villain",msc,rare,https://scryfall.com/card/msc/512/loki-god-of-lies?utm_source=api
"Loki, God of Mischief","Loki, God of Mischief",Legendary Creature — God Sorcerer Villain,3,"God, Sorcerer, Villain",msh,rare,https://scryfall.com/card/msh/65/loki-god-of-mischief?utm_source=api
"Loki, Lord of Misrule","Loki, Lord of Misrule",Legendary Creature — God Sorcerer Villain,3,"God, Sorcerer, Villain",msc,mythic,https://scryfall.com/card/msc/628/loki-lord-of-misrule?utm_source=api
"Loki, the Deceiver","Loki, the Deceiver",Legendary Creature — God Sorcerer Villain,3,"God, Sorcerer, Villain",msc,mythic,https://scryfall.com/card/msc/86/loki-the-deceiver?utm_source=api
Longbow Archer,Longbow Archer,Creature — Human Soldier Archer,3,"Human, Soldier, Archer",7ed,uncommon,https://scryfall.com/card/7ed/26/longbow-archer?utm_source=api
Longhorn Firebeast,Longhorn Firebeast,Creature — Elemental Ox Beast,3,"Elemental, Ox, Beast",tor,common,https://scryfall.com/card/tor/103/longhorn-firebeast?utm_source=api
"Longshot, Rebel Bowman","Longshot, Rebel Bowman",Legendary Creature — Human Rebel Ally,3,"Human, Rebel, Ally",tle,uncommon,https://scryfall.com/card/tle/120/longshot-rebel-bowman?utm_source=api
"Lonis, Cryptozoologist","Lonis, Cryptozoologist",Legendary Creature — Snake Elf Scout,3,"Snake, Elf, Scout",mkc,rare,https://scryfall.com/card/mkc/215/lonis-cryptozoologist?utm_source=api
"Lonis, Genetics Expert","Lonis, Genetics Expert",Legendary Creature — Snake Elf Detective,3,"Snake, Elf, Detective",clu,rare,https://scryfall.com/card/clu/37/lonis-genetics-expert?utm_source=api
"Lord Xander, the Collector","Lord Xander, the Collector",Legendary Creature — Vampire Demon Noble,3,"Vampire, Demon, Noble",snc,mythic,https://scryfall.com/card/snc/197/lord-xander-the-collector?utm_source=api
Lost Leonin,Lost Leonin,Creature — Phyrexian Cat Soldier,3,"Phyrexian, Cat, Soldier",nph,common,https://scryfall.com/card/nph/13/lost-leonin?utm_source=api
Loxodon Convert,Loxodon Convert,Creature — Phyrexian Elephant Soldier,3,"Phyrexian, Elephant, Soldier",nph,common,https://scryfall.com/card/nph/14/loxodon-convert?utm_source=api
Loyal Fire Sage,Loyal Fire Sage,Creature — Human Cleric Ally,3,"Human, Cleric, Ally",tle,uncommon,https://scryfall.com/card/tle/242/loyal-fire-sage?utm_source=api
"Lu Bu, Master-at-Arms","Lu Bu, Master-at-Arms",Legendary Creature — Human Soldier Warrior,3,"Human, Soldier, Warrior",me3,rare,https://scryfall.com/card/me3/108/lu-bu-master-at-arms?utm_source=api
"Luke Cage, Hero for Hire","Luke Cage, Hero for Hire",Legendary Creature — Human Mercenary Hero,3,"Human, Mercenary, Hero",msc,rare,https://scryfall.com/card/msc/696/luke-cage-hero-for-hire?utm_source=api
Lyse Hext,Lyse Hext,Legendary Creature — Human Rebel Monk,3,"Human, Rebel, Monk",fic,rare,https://scryfall.com/card/fic/88/lyse-hext?utm_source=api
"M'Baku, Jabari Chieftain","M'Baku, Jabari Chieftain",Legendary Creature — Human Noble Warrior,3,"Human, Noble, Warrior",msc,rare,https://scryfall.com/card/msc/67/mbaku-jabari-chieftain?utm_source=api
"M'Odo, the Gnarled Oracle","M'Odo, the Gnarled Oracle",Legendary Creature — Zombie Elf Wizard,3,"Zombie, Elf, Wizard",ph17,mythic,https://scryfall.com/card/ph17/3/modo-the-gnarled-oracle?utm_source=api
"Ma Chao, Western Warrior","Ma Chao, Western Warrior",Legendary Creature — Human Soldier Warrior,3,"Human, Soldier, Warrior",ptk,rare,https://scryfall.com/card/ptk/116/ma-chao-western-warrior?utm_source=api
"Madame Hydra, Reanimated","Madame Hydra, Reanimated",Legendary Creature — Human Horror Villain,3,"Human, Horror, Villain",msc,rare,https://scryfall.com/card/msc/538/madame-hydra-reanimated?utm_source=api
Maester Seymour,Maester Seymour,Legendary Creature — Human Elf Cleric,3,"Human, Elf, Cleric",fic,rare,https://scryfall.com/card/fic/68/maester-seymour?utm_source=api
Magus Lucea Kane,Magus Lucea Kane,Legendary Creature — Human Tyranid Wizard,3,"Human, Tyranid, Wizard",40k,mythic,https://scryfall.com/card/40k/7/magus-lucea-kane?utm_source=api
Mai and Zuko,Mai and Zuko,Legendary Creature — Human Noble Ally,3,"Human, Noble, Ally",tle,rare,https://scryfall.com/card/tle/68/mai-and-zuko?utm_source=api
"Mai, Scornful Striker","Mai, Scornful Striker",Legendary Creature — Human Noble Ally,3,"Human, Noble, Ally",tla,rare,https://scryfall.com/card/tla/109/mai-scornful-striker?utm_source=api
Makindi Aeronaut,Makindi Aeronaut,Creature — Kor Scout Ally,3,"Kor, Scout, Ally",ogw,common,https://scryfall.com/card/ogw/27/makindi-aeronaut?utm_source=api
Makindi Patrol,Makindi Patrol,Creature — Human Knight Ally,3,"Human, Knight, Ally",bfz,common,https://scryfall.com/card/bfz/39/makindi-patrol?utm_source=api
Makindi Shieldmate,Makindi Shieldmate,Creature — Kor Soldier Ally,3,"Kor, Soldier, Ally",zen,common,https://scryfall.com/card/zen/26/makindi-shieldmate?utm_source=api
Malakir Soothsayer,Malakir Soothsayer,Creature — Vampire Shaman Ally,3,"Vampire, Shaman, Ally",ogw,uncommon,https://scryfall.com/card/ogw/87/malakir-soothsayer?utm_source=api
"Malcator, Purity Overseer","Malcator, Purity Overseer",Legendary Creature — Phyrexian Elephant Wizard,3,"Phyrexian, Elephant, Wizard",one,rare,https://scryfall.com/card/one/208/malcator-purity-overseer?utm_source=api
"Mana Max, Afterburner","Mana Max, Afterburner",Legendary Creature — Human Survivor Pilot,3,"Human, Survivor, Pilot",unk,rare,https://scryfall.com/card/unk/RR04f/mana-max-afterburner?utm_source=api
"Maralen, Fae Ascendant","Maralen, Fae Ascendant",Legendary Creature — Elf Faerie Noble,3,"Elf, Faerie, Noble",ecl,rare,https://scryfall.com/card/ecl/233/maralen-fae-ascendant?utm_source=api
Marauding Knight,Marauding Knight,Creature — Phyrexian Zombie Knight,3,"Phyrexian, Zombie, Knight",inv,rare,https://scryfall.com/card/inv/110/marauding-knight?utm_source=api
"Marvel Boy, Noh-Varr","Marvel Boy, Noh-Varr",Legendary Creature — Kree Soldier Hero,3,"Kree, Soldier, Hero",msc,uncommon,https://scryfall.com/card/msc/743/marvel-boy-noh-varr?utm_source=api
Mary Read and Anne Bonny,Mary Read and Anne Bonny,Legendary Creature — Human Assassin Pirate,3,"Human, Assassin, Pirate",acr,rare,https://scryfall.com/card/acr/61/mary-read-and-anne-bonny?utm_source=api
Masked Meower,Masked Meower,Creature — Spider Cat Hero,3,"Spider, Cat, Hero",msc,common,https://scryfall.com/card/msc/807/masked-meower?utm_source=api
Master Pakku,Master Pakku,Legendary Creature — Human Advisor Ally,3,"Human, Advisor, Ally",tla,uncommon,https://scryfall.com/card/tla/63/master-pakku?utm_source=api
Master Piandao,Master Piandao,Legendary Creature — Human Warrior Ally,3,"Human, Warrior, Ally",tla,uncommon,https://scryfall.com/card/tla/28/master-piandao?utm_source=api
Master Splicer,Master Splicer,Creature — Phyrexian Human Artificer,3,"Phyrexian, Human, Artificer",moc,uncommon,https://scryfall.com/card/moc/194/master-splicer?utm_source=api
Matsu-Tribe Birdstalker,Matsu-Tribe Birdstalker,Creature — Snake Warrior Archer,3,"Snake, Warrior, Archer",sok,common,https://scryfall.com/card/sok/137/matsu-tribe-birdstalker?utm_source=api
Matsu-Tribe Sniper,Matsu-Tribe Sniper,Creature — Snake Warrior Archer,3,"Snake, Warrior, Archer",bok,common,https://scryfall.com/card/bok/136/matsu-tribe-sniper?utm_source=api
"Matt Murdock, Justice Seeker","Matt Murdock, Justice Seeker",Legendary Creature — Human Advisor Hero,3,"Human, Advisor, Hero",msc,rare,https://scryfall.com/card/msc/602/matt-murdock-justice-seeker?utm_source=api
Maul Splicer,Maul Splicer,Creature — Phyrexian Human Artificer,3,"Phyrexian, Human, Artificer",nph,common,https://scryfall.com/card/nph/114/maul-splicer?utm_source=api
Mayor of Avabruck // Howlpack Alpha,Mayor of Avabruck,Creature — Human Advisor Werewolf,3,"Human, Advisor, Werewolf",inr,rare,https://scryfall.com/card/inr/207/mayor-of-avabruck-howlpack-alpha?utm_source=api
Mechanical Mobster,Mechanical Mobster,Artifact Creature — Human Robot Villain,3,"Human, Robot, Villain",spm,common,https://scryfall.com/card/spm/168/mechanical-mobster?utm_source=api
"Medusa, Inhuman Queen","Medusa, Inhuman Queen",Legendary Creature — Inhuman Noble Hero,3,"Inhuman, Noble, Hero",msc,rare,https://scryfall.com/card/msc/68/medusa-inhuman-queen?utm_source=api
"Meng Huo, Barbarian King","Meng Huo, Barbarian King",Legendary Creature — Human Barbarian Soldier,3,"Human, Barbarian, Soldier",me3,rare,https://scryfall.com/card/me3/128/meng-huo-barbarian-king?utm_source=api
Mercenary Informer,Mercenary Informer,Creature — Human Rebel Mercenary,3,"Human, Rebel, Mercenary",pcy,rare,https://scryfall.com/card/pcy/15/mercenary-informer?utm_source=api
Mercenary Knight,Mercenary Knight,Creature — Human Mercenary Knight,3,"Human, Mercenary, Knight",por,rare,https://scryfall.com/card/por/99/mercenary-knight?utm_source=api
Merchant of Many Hats,Merchant of Many Hats,Creature — Human Peasant Ally,3,"Human, Peasant, Ally",tla,common,https://scryfall.com/card/tla/110/merchant-of-many-hats?utm_source=api
Merciless Enforcers,Merciless Enforcers,Creature — Human Mercenary Villain,3,"Human, Mercenary, Villain",spm,common,https://scryfall.com/card/spm/58/merciless-enforcers?utm_source=api
Metastatic Evangel,Metastatic Evangel,Creature — Phyrexian Human Cleric,3,"Phyrexian, Human, Cleric",mh3,uncommon,https://scryfall.com/card/mh3/35/metastatic-evangel?utm_source=api
"Michelangelo, Game Master","Michelangelo, Game Master",Legendary Creature — Mutant Ninja Turtle,3,"Mutant, Ninja, Turtle",tmt,common,https://scryfall.com/card/tmt/118/michelangelo-game-master?utm_source=api
"Michelangelo, Improviser","Michelangelo, Improviser",Legendary Creature — Mutant Ninja Turtle,3,"Mutant, Ninja, Turtle",tmt,mythic,https://scryfall.com/card/tmt/119/michelangelo-improviser?utm_source=api
"Michelangelo, Mutant BFF","Michelangelo, Mutant BFF",Legendary Creature — Mutant Ninja Turtle,3,"Mutant, Ninja, Turtle",tmt,uncommon,https://scryfall.com/card/tmt/120/michelangelo-mutant-bff?utm_source=api
"Michelangelo, On the Scene","Michelangelo, On the Scene",Legendary Creature — Mutant Ninja Turtle,3,"Mutant, Ninja, Turtle",tmc,mythic,https://scryfall.com/card/tmc/124/michelangelo-on-the-scene?utm_source=api
"Michelangelo, Weirdness to 11","Michelangelo, Weirdness to 11",Legendary Creature — Mutant Ninja Turtle,3,"Mutant, Ninja, Turtle",tmt,rare,https://scryfall.com/card/tmt/121/michelangelo-weirdness-to-11?utm_source=api
"Michelangelo, the Heart","Michelangelo, the Heart",Legendary Creature — Mutant Ninja Turtle,3,"Mutant, Ninja, Turtle",tmc,mythic,https://scryfall.com/card/tmc/5/michelangelo-the-heart?utm_source=api
"Mikey & Don, Party Planners","Mikey & Don, Party Planners",Legendary Creature — Mutant Ninja Turtle,3,"Mutant, Ninja, Turtle",tmt,rare,https://scryfall.com/card/tmt/157/mikey-&-don-party-planners?utm_source=api
"Mikey & Leo, Chaos & Order","Mikey & Leo, Chaos & Order",Legendary Creature — Mutant Ninja Turtle,3,"Mutant, Ninja, Turtle",tmt,rare,https://scryfall.com/card/tmt/158/mikey-&-leo-chaos-&-order?utm_source=api
Miles Morales // Ultimate Spider-Man,Miles Morales,Legendary Creature — Human Citizen Hero,3,"Human, Citizen, Hero",spm,mythic,https://scryfall.com/card/spm/108/miles-morales-ultimate-spider-man?utm_source=api
Miles Morales // Ultimate Spider-Man,Ultimate Spider-Man,Legendary Creature — Spider Human Hero,3,"Spider, Human, Hero",spm,mythic,https://scryfall.com/card/spm/108/miles-morales-ultimate-spider-man?utm_source=api
Militant Monk,Militant Monk,Creature — Human Monk Cleric,3,"Human, Monk, Cleric",tor,common,https://scryfall.com/card/tor/9/militant-monk?utm_source=api
"Mishra, Claimed by Gix","Mishra, Claimed by Gix",Legendary Creature — Phyrexian Human Artificer,3,"Phyrexian, Human, Artificer",bro,mythic,https://scryfall.com/card/bro/216/mishra-claimed-by-gix?utm_source=api
Mister Fantastic,Mister Fantastic,Legendary Creature — Human Scientist Hero,3,"Human, Scientist, Hero",msc,mythic,https://scryfall.com/card/msc/2/mister-fantastic?utm_source=api
"Mister Fantastic, Reed Richards","Mister Fantastic, Reed Richards",Legendary Creature — Human Scientist Hero,3,"Human, Scientist, Hero",msh,uncommon,https://scryfall.com/card/msh/66/mister-fantastic-reed-richards?utm_source=api
"Misty Knight, Hero for Hire","Misty Knight, Hero for Hire",Legendary Creature — Human Detective Hero,3,"Human, Detective, Hero",msh,uncommon,https://scryfall.com/card/msh/145/misty-knight-hero-for-hire?utm_source=api
Mob Lookout,Mob Lookout,Creature — Human Rogue Villain,3,"Human, Rogue, Villain",msc,common,https://scryfall.com/card/msc/821/mob-lookout?utm_source=api
"Mockingbird, Ace Agent","Mockingbird, Ace Agent",Legendary Creature — Human Spy Hero,3,"Human, Spy, Hero",msh,uncommon,https://scryfall.com/card/msh/22/mockingbird-ace-agent?utm_source=api
Moira and Teshar,Moira and Teshar,Legendary Creature — Phyrexian Spirit Bird,3,"Phyrexian, Spirit, Bird",moc,mythic,https://scryfall.com/card/moc/7/moira-and-teshar?utm_source=api
"Moku, Meandering Drummer","Moku, Meandering Drummer",Legendary Creature — Human Bard Ally,3,"Human, Bard, Ally",tle,uncommon,https://scryfall.com/card/tle/122/moku-meandering-drummer?utm_source=api
Molten Lavamancer,Molten Lavamancer,Creature — Elemental Warlock Villain,3,"Elemental, Warlock, Villain",msc,uncommon,https://scryfall.com/card/msc/699/molten-lavamancer?utm_source=api
"Momo, Friendly Flier","Momo, Friendly Flier",Legendary Creature — Lemur Bat Ally,3,"Lemur, Bat, Ally",tla,rare,https://scryfall.com/card/tla/29/momo-friendly-flier?utm_source=api
"Momo, Playful Pet","Momo, Playful Pet",Legendary Creature — Lemur Bat Ally,3,"Lemur, Bat, Ally",tla,uncommon,https://scryfall.com/card/tla/30/momo-playful-pet?utm_source=api
"Momo, Rambunctious Rascal","Momo, Rambunctious Rascal",Legendary Creature — Lemur Bat Ally,3,"Lemur, Bat, Ally",tle,uncommon,https://scryfall.com/card/tle/217/momo-rambunctious-rascal?utm_source=api
Mondronen Shaman // Tovolar's Magehunter,Mondronen Shaman,Creature — Human Shaman Werewolf,3,"Human, Shaman, Werewolf",dka,rare,https://scryfall.com/card/dka/98/mondronen-shaman-tovolars-magehunter?utm_source=api
"Monet, Sensei of the Sewers","Monet, Sensei of the Sewers",Legendary Creature — Rat Ninja Mutant,3,"Rat, Ninja, Mutant",unk,rare,https://scryfall.com/card/unk/RZ06g/monet-sensei-of-the-sewers?utm_source=api
Monk Idealist,Monk Idealist,Creature — Human Monk Cleric,3,"Human, Monk, Cleric",ema,common,https://scryfall.com/card/ema/21/monk-idealist?utm_source=api
Monk Realist,Monk Realist,Creature — Human Monk Cleric,3,"Human, Monk, Cleric",cmd,common,https://scryfall.com/card/cmd/20/monk-realist?utm_source=api
Moon Girl and Devil Dinosaur,Moon Girl and Devil Dinosaur,Legendary Creature — Human Dinosaur Hero,3,"Human, Dinosaur, Hero",msh,rare,https://scryfall.com/card/msh/223/moon-girl-and-devil-dinosaur?utm_source=api
Moon-Blessed Cleric,Moon-Blessed Cleric,Creature — Human Elf Cleric,3,"Human, Elf, Cleric",dsc,uncommon,https://scryfall.com/card/dsc/69/moon-blessed-cleric?utm_source=api
"Moonstone, Harsh Mistress","Moonstone, Harsh Mistress",Legendary Creature — Human Doctor Villain,3,"Human, Doctor, Villain",msh,uncommon,https://scryfall.com/card/msh/107/moonstone-harsh-mistress?utm_source=api
Morbius the Living Vampire,Morbius the Living Vampire,Legendary Creature — Vampire Scientist Villain,3,"Vampire, Scientist, Villain",spm,uncommon,https://scryfall.com/card/spm/137/morbius-the-living-vampire?utm_source=api
Moriok Rigger,Moriok Rigger,Creature — Human Rogue Rigger,3,"Human, Rogue, Rigger",5dn,rare,https://scryfall.com/card/5dn/54/moriok-rigger?utm_source=api
"Morska, Undersea Sleuth","Morska, Undersea Sleuth",Legendary Creature — Vedalken Fish Detective,3,"Vedalken, Fish, Detective",mkc,mythic,https://scryfall.com/card/mkc/3/morska-undersea-sleuth?utm_source=api
"Moseo, Vein's New Dean","Moseo, Vein's New Dean",Legendary Creature — Bird Skeleton Warlock,3,"Bird, Skeleton, Warlock",sos,rare,https://scryfall.com/card/sos/91/moseo-veins-new-dean?utm_source=api
Mountain Bandit,Mountain Bandit,Creature — Human Soldier Rogue,3,"Human, Soldier, Rogue",ptk,common,https://scryfall.com/card/ptk/117/mountain-bandit?utm_source=api
Mounted Archers,Mounted Archers,Creature — Human Soldier Archer,3,"Human, Soldier, Archer",tpr,common,https://scryfall.com/card/tpr/19/mounted-archers?utm_source=api
"Ms. Marvel, Elastic Ally","Ms. Marvel, Elastic Ally",Legendary Creature — Mutant Inhuman Hero,3,"Mutant, Inhuman, Hero",msc,uncommon,https://scryfall.com/card/msc/744/ms-marvel-elastic-ally?utm_source=api
"Ms. Marvel, Kamala Khan","Ms. Marvel, Kamala Khan",Legendary Creature — Mutant Inhuman Hero,3,"Mutant, Inhuman, Hero",msh,rare,https://scryfall.com/card/msh/67/ms-marvel-kamala-khan?utm_source=api
"Mu Yanling, Wind Rider","Mu Yanling, Wind Rider",Legendary Creature — Human Wizard Pilot,3,"Human, Wizard, Pilot",dft,mythic,https://scryfall.com/card/dft/52/mu-yanling-wind-rider?utm_source=api
"Muddle, the Ever-Changing","Muddle, the Ever-Changing",Legendary Creature — Elemental Otter Shapeshifter,3,"Elemental, Otter, Shapeshifter",soc,mythic,https://scryfall.com/card/soc/5/muddle-the-ever-changing?utm_source=api
Mul Daya Channelers,Mul Daya Channelers,Creature — Elf Druid Shaman,3,"Elf, Druid, Shaman",roe,rare,https://scryfall.com/card/roe/198/mul-daya-channelers?utm_source=api
Munda's Vanguard,Munda's Vanguard,Creature — Kor Knight Ally,3,"Kor, Knight, Ally",ogw,rare,https://scryfall.com/card/ogw/29/mundas-vanguard?utm_source=api
Murasa Pyromancer,Murasa Pyromancer,Creature — Human Shaman Ally,3,"Human, Shaman, Ally",zen,uncommon,https://scryfall.com/card/zen/139/murasa-pyromancer?utm_source=api
Murasa Ranger,Murasa Ranger,Creature — Human Warrior Ranger,3,"Human, Warrior, Ranger",bfz,uncommon,https://scryfall.com/card/bfz/178/murasa-ranger?utm_source=api
Mutant Town Musicians,Mutant Town Musicians,Creature — Mutant Bard Performer,3,"Mutant, Bard, Performer",tmt,common,https://scryfall.com/card/tmt/97/mutant-town-musicians?utm_source=api
Mystic Crusader,Mystic Crusader,Creature — Human Nomad Mystic,3,"Human, Nomad, Mystic",ody,rare,https://scryfall.com/card/ody/33/mystic-crusader?utm_source=api
Mystic Enforcer,Mystic Enforcer,Creature — Human Nomad Mystic,3,"Human, Nomad, Mystic",dmr,uncommon,https://scryfall.com/card/dmr/192/mystic-enforcer?utm_source=api
Mystic Penitent,Mystic Penitent,Creature — Human Nomad Mystic,3,"Human, Nomad, Mystic",ody,uncommon,https://scryfall.com/card/ody/34/mystic-penitent?utm_source=api
Mystic Visionary,Mystic Visionary,Creature — Human Nomad Mystic,3,"Human, Nomad, Mystic",ody,common,https://scryfall.com/card/ody/35/mystic-visionary?utm_source=api
Mystic Zealot,Mystic Zealot,Creature — Human Nomad Mystic,3,"Human, Nomad, Mystic",dmr,common,https://scryfall.com/card/dmr/16/mystic-zealot?utm_source=api
"Nakia, Wakandan Operative","Nakia, Wakandan Operative",Legendary Creature — Human Warrior Hero,3,"Human, Warrior, Hero",msc,rare,https://scryfall.com/card/msc/69/nakia-wakandan-operative?utm_source=api
Namor the Sub-Mariner,Namor the Sub-Mariner,Legendary Creature — Mutant Merfolk Villain,3,"Mutant, Merfolk, Villain",msh,mythic,https://scryfall.com/card/msh/69/namor-the-sub-mariner?utm_source=api
"Namor, Atlantean King","Namor, Atlantean King",Legendary Creature — Mutant Merfolk Noble,3,"Mutant, Merfolk, Noble",msc,rare,https://scryfall.com/card/msc/88/namor-atlantean-king?utm_source=api
"Namor, Scourge of the Seas","Namor, Scourge of the Seas",Legendary Creature — Mutant Merfolk Villain,3,"Mutant, Merfolk, Villain",msc,rare,https://scryfall.com/card/msc/631/namor-scourge-of-the-seas?utm_source=api
"Namora, the Sea Queen","Namora, the Sea Queen",Legendary Creature — Mutant Merfolk Hero,3,"Mutant, Merfolk, Hero",msc,uncommon,https://scryfall.com/card/msc/632/namora-the-sea-queen?utm_source=api
Nantuko Vigilante,Nantuko Vigilante,Creature — Insect Druid Mutant,3,"Insect, Druid, Mutant",mkc,common,https://scryfall.com/card/mkc/177/nantuko-vigilante?utm_source=api
"Nashi, Searcher in the Dark","Nashi, Searcher in the Dark",Legendary Creature — Rat Ninja Wizard,3,"Rat, Ninja, Wizard",dsk,rare,https://scryfall.com/card/dsk/223/nashi-searcher-in-the-dark?utm_source=api
Necrogen Rotpriest,Necrogen Rotpriest,Creature — Phyrexian Zombie Cleric,3,"Phyrexian, Zombie, Cleric",one,uncommon,https://scryfall.com/card/one/212/necrogen-rotpriest?utm_source=api
"Neera, Wild Mage","Neera, Wild Mage",Legendary Creature — Human Elf Shaman,3,"Human, Elf, Shaman",clb,rare,https://scryfall.com/card/clb/288/neera-wild-mage?utm_source=api
"Neheb, Dreadhorde Champion","Neheb, Dreadhorde Champion",Legendary Creature — Zombie Minotaur Warrior,3,"Zombie, Minotaur, Warrior",dmc,rare,https://scryfall.com/card/dmc/125/neheb-dreadhorde-champion?utm_source=api
"Neheb, the Eternal","Neheb, the Eternal",Legendary Creature — Zombie Minotaur Warrior,3,"Zombie, Minotaur, Warrior",mkc,mythic,https://scryfall.com/card/mkc/158/neheb-the-eternal?utm_source=api
Nested Ghoul,Nested Ghoul,Creature — Phyrexian Zombie Warrior,3,"Phyrexian, Zombie, Warrior",mbs,uncommon,https://scryfall.com/card/mbs/48/nested-ghoul?utm_source=api
"Nethroi, Apex of Death","Nethroi, Apex of Death",Legendary Creature — Cat Nightmare Beast,3,"Cat, Nightmare, Beast",dmc,mythic,https://scryfall.com/card/dmc/163/nethroi-apex-of-death?utm_source=api
Nexos,Nexos,Creature — Human Tyranid Advisor,3,"Human, Tyranid, Advisor",40k,rare,https://scryfall.com/card/40k/95/nexos?utm_source=api
"Nick Fury, Agent of S.H.I.E.L.D.","Nick Fury, Agent of S.H.I.E.L.D.",Legendary Creature — Human Spy Hero,3,"Human, Spy, Hero",msh,rare,https://scryfall.com/card/msh/25/nick-fury-agent-of-shield?utm_source=api
"Nick Fury, Spymaster","Nick Fury, Spymaster",Legendary Creature — Human Spy Hero,3,"Human, Spy, Hero",msc,rare,https://scryfall.com/card/msc/603/nick-fury-spymaster?utm_source=api
"Nico Minoru, Runaway","Nico Minoru, Runaway",Legendary Creature — Human Warlock Hero,3,"Human, Warlock, Hero",msc,mythic,https://scryfall.com/card/msc/700/nico-minoru-runaway?utm_source=api
"Night Nurse, Healer of Heroes","Night Nurse, Healer of Heroes",Legendary Creature — Human Doctor Hero,3,"Human, Doctor, Hero",msh,uncommon,https://scryfall.com/card/msh/26/night-nurse-healer-of-heroes?utm_source=api
Nimana Sell-Sword,Nimana Sell-Sword,Creature — Human Warrior Ally,3,"Human, Warrior, Ally",zen,common,https://scryfall.com/card/zen/106/nimana-sell-sword?utm_source=api
Ninja of the Hand,Ninja of the Hand,Creature — Human Ninja Villain,3,"Human, Ninja, Villain",msh,common,https://scryfall.com/card/msh/108/ninja-of-the-hand?utm_source=api
Nirkana Assassin,Nirkana Assassin,Creature — Vampire Assassin Ally,3,"Vampire, Assassin, Ally",bfz,common,https://scryfall.com/card/bfz/118/nirkana-assassin?utm_source=api
Noble Templar,Noble Templar,Creature — Human Cleric Soldier,3,"Human, Cleric, Soldier",a25,common,https://scryfall.com/card/a25/25/noble-templar?utm_source=api
Nomad Mythmaker,Nomad Mythmaker,Creature — Human Nomad Cleric,3,"Human, Nomad, Cleric",10e,rare,https://scryfall.com/card/10e/30/nomad-mythmaker?utm_source=api
Nomads en-Kor,Nomads en-Kor,Creature — Kor Nomad Soldier,3,"Kor, Nomad, Soldier",tpr,common,https://scryfall.com/card/tpr/20/nomads-en-kor?utm_source=api
Norin and Feldon,Norin and Feldon,Legendary Creature — Human Warrior Artificer,3,"Human, Warrior, Artificer",unk,rare,https://scryfall.com/card/unk/RR02/norin-and-feldon?utm_source=api
Norman Osborn // Green Goblin,Norman Osborn,Legendary Creature — Human Scientist Villain,3,"Human, Scientist, Villain",spm,mythic,https://scryfall.com/card/spm/39/norman-osborn-green-goblin?utm_source=api
Norman Osborn // Green Goblin,Green Goblin,Legendary Creature — Goblin Human Villain,3,"Goblin, Human, Villain",spm,mythic,https://scryfall.com/card/spm/39/norman-osborn-green-goblin?utm_source=api
North Pole Patrol,North Pole Patrol,Creature — Human Soldier Ally,3,"Human, Soldier, Ally",tla,uncommon,https://scryfall.com/card/tla/65/north-pole-patrol?utm_source=api
North Wind Avatar,North Wind Avatar,Creature — Dragon Spirit Avatar,3,"Dragon, Spirit, Avatar",tmt,mythic,https://scryfall.com/card/tmt/162/north-wind-avatar?utm_source=api
Norwood Ranger,Norwood Ranger,Creature — Elf Scout Ranger,3,"Elf, Scout, Ranger",9ed,common,https://scryfall.com/card/9ed/260/norwood-ranger?utm_source=api
Notorious Assassin,Notorious Assassin,Creature — Human Spellshaper Assassin,3,"Human, Spellshaper, Assassin",mmq,rare,https://scryfall.com/card/mmq/150/notorious-assassin?utm_source=api
Novijen Sages,Novijen Sages,Creature — Human Advisor Mutant,3,"Human, Advisor, Mutant",mm2,uncommon,https://scryfall.com/card/mm2/53/novijen-sages?utm_source=api
Oakhame Ranger // Bring Back,Oakhame Ranger,Creature — Elf Knight Ranger,3,"Elf, Knight, Ranger",eld,uncommon,https://scryfall.com/card/eld/212/oakhame-ranger-bring-back?utm_source=api
Oakshade Stalker // Moonlit Ambusher,Oakshade Stalker,Creature — Human Ranger Werewolf,3,"Human, Ranger, Werewolf",vow,uncommon,https://scryfall.com/card/vow/212/oakshade-stalker-moonlit-ambusher?utm_source=api
Oil-Gorger Troll,Oil-Gorger Troll,Creature — Phyrexian Troll Warrior,3,"Phyrexian, Troll, Warrior",one,common,https://scryfall.com/card/one/177/oil-gorger-troll?utm_source=api
"Okoye, Dora Milaje Leader","Okoye, Dora Milaje Leader",Legendary Creature — Human Warrior Hero,3,"Human, Warrior, Hero",msh,uncommon,https://scryfall.com/card/msh/27/okoye-dora-milaje-leader?utm_source=api
"Okoye, Mighty and Adored","Okoye, Mighty and Adored",Legendary Creature — Human Warrior Hero,3,"Human, Warrior, Hero",msc,rare,https://scryfall.com/card/msc/89/okoye-mighty-and-adored?utm_source=api
"Old Hob, Alleycat Blues","Old Hob, Alleycat Blues",Legendary Creature — Cat Mutant Rebel,3,"Cat, Mutant, Rebel",tmt,uncommon,https://scryfall.com/card/tmt/99/old-hob-alleycat-blues?utm_source=api
Oltec Archaeologists,Oltec Archaeologists,Creature — Human Artificer Scout,3,"Human, Artificer, Scout",lci,common,https://scryfall.com/card/lci/27/oltec-archaeologists?utm_source=api
Ondu Champion,Ondu Champion,Creature — Minotaur Warrior Ally,3,"Minotaur, Warrior, Ally",bfz,common,https://scryfall.com/card/bfz/149/ondu-champion?utm_source=api
Ondu Cleric,Ondu Cleric,Creature — Kor Cleric Ally,3,"Kor, Cleric, Ally",zen,common,https://scryfall.com/card/zen/30/ondu-cleric?utm_source=api
Ondu War Cleric,Ondu War Cleric,Creature — Human Cleric Ally,3,"Human, Cleric, Ally",ogw,common,https://scryfall.com/card/ogw/31/ondu-war-cleric?utm_source=api
One-Clown Band,One-Clown Band,Artifact Creature — Clown Robot Bard,3,"Clown, Robot, Bard",unf,common,https://scryfall.com/card/unf/117/one-clown-band?utm_source=api
Oran-Rief Survivalist,Oran-Rief Survivalist,Creature — Human Warrior Ally,3,"Human, Warrior, Ally",zen,common,https://scryfall.com/card/zen/174/oran-rief-survivalist?utm_source=api
Order of Leitbur,Order of Leitbur,Creature — Human Cleric Knight,3,"Human, Cleric, Knight",me1,common,https://scryfall.com/card/me1/22/order-of-leitbur?utm_source=api
Order of Yawgmoth,Order of Yawgmoth,Creature — Phyrexian Zombie Knight,3,"Phyrexian, Zombie, Knight",dde,uncommon,https://scryfall.com/card/dde/11/order-of-yawgmoth?utm_source=api
Orochi Ranger,Orochi Ranger,Creature — Snake Warrior Ranger,3,"Snake, Warrior, Ranger",chk,common,https://scryfall.com/card/chk/235/orochi-ranger?utm_source=api
Orochi Soul-Reaver,Orochi Soul-Reaver,Creature — Snake Ninja Rogue,3,"Snake, Ninja, Rogue",otc,rare,https://scryfall.com/card/otc/22/orochi-soul-reaver?utm_source=api
"Osgood, Operation Double","Osgood, Operation Double",Legendary Creature — Human Alien Shapeshifter,3,"Human, Alien, Shapeshifter",who,rare,https://scryfall.com/card/who/191/osgood-operation-double?utm_source=api
Outrider en-Kor,Outrider en-Kor,Creature — Kor Rebel Knight,3,"Kor, Rebel, Knight",tsr,uncommon,https://scryfall.com/card/tsr/30/outrider-en-kor?utm_source=api
Overt Operative,Overt Operative,Creature — Human Ninja Rigger,3,"Human, Ninja, Rigger",ust,uncommon,https://scryfall.com/card/ust/64/overt-operative?utm_source=api
"Owen Grady, Raptor Trainer","Owen Grady, Raptor Trainer",Legendary Creature — Human Soldier Scientist,3,"Human, Soldier, Scientist",rex,rare,https://scryfall.com/card/rex/16/owen-grady-raptor-trainer?utm_source=api
"Peggy Carter, Secret Agent","Peggy Carter, Secret Agent",Legendary Creature — Human Spy Hero,3,"Human, Spy, Hero",msc,uncommon,https://scryfall.com/card/msc/523/peggy-carter-secret-agent?utm_source=api
Peter Parker // Amazing Spider-Man,Peter Parker,Legendary Creature — Human Scientist Hero,3,"Human, Scientist, Hero",spm,mythic,https://scryfall.com/card/spm/10/peter-parker-amazing-spider-man?utm_source=api
Peter Parker // Amazing Spider-Man,Amazing Spider-Man,Legendary Creature — Spider Human Hero,3,"Spider, Human, Hero",spm,mythic,https://scryfall.com/card/spm/10/peter-parker-amazing-spider-man?utm_source=api
Phantom Flock,Phantom Flock,Creature — Bird Soldier Spirit,3,"Bird, Soldier, Spirit",dmr,common,https://scryfall.com/card/dmr/20/phantom-flock?utm_source=api
Phantom Nishoba,Phantom Nishoba,Creature — Cat Beast Spirit,3,"Cat, Beast, Spirit",dmr,rare,https://scryfall.com/card/dmr/193/phantom-nishoba?utm_source=api
Pharaoh Rama-Tut,Pharaoh Rama-Tut,Legendary Creature — Human Noble Villain,3,"Human, Noble, Villain",msc,uncommon,https://scryfall.com/card/msc/634/pharaoh-rama-tut?utm_source=api
Phyrexian Crusader,Phyrexian Crusader,Creature — Phyrexian Zombie Knight,3,"Phyrexian, Zombie, Knight",mbs,rare,https://scryfall.com/card/mbs/50/phyrexian-crusader?utm_source=api
Phyrexian Cytoshaper,Phyrexian Cytoshaper,Creature — Phyrexian Mutant Snake,3,"Phyrexian, Mutant, Snake",unk,rare,https://scryfall.com/card/unk/RG04/phyrexian-cytoshaper?utm_source=api
Phyrexian Driver,Phyrexian Driver,Creature — Phyrexian Zombie Mercenary,3,"Phyrexian, Zombie, Mercenary",nem,common,https://scryfall.com/card/nem/64/phyrexian-driver?utm_source=api
Phyrexian Missionary,Phyrexian Missionary,Creature — Phyrexian Human Cleric,3,"Phyrexian, Human, Cleric",dmu,uncommon,https://scryfall.com/card/dmu/27/phyrexian-missionary?utm_source=api
Phyrexian Prowler,Phyrexian Prowler,Creature — Phyrexian Zombie Mercenary,3,"Phyrexian, Zombie, Mercenary",nem,uncommon,https://scryfall.com/card/nem/65/phyrexian-prowler?utm_source=api
Phyrexian Swarmlord,Phyrexian Swarmlord,Creature — Phyrexian Insect Horror,3,"Phyrexian, Insect, Horror",nph,rare,https://scryfall.com/card/nph/119/phyrexian-swarmlord?utm_source=api
"Pietra, Crafter of Clowns","Pietra, Crafter of Clowns",Legendary Creature — Human Clown Artificer,3,"Human, Clown, Artificer",unf,uncommon,https://scryfall.com/card/unf/176/pietra-crafter-of-clowns?utm_source=api
Pious Warrior,Pious Warrior,Creature — Human Rebel Warrior,3,"Human, Rebel, Warrior",mmq,common,https://scryfall.com/card/mmq/34/pious-warrior?utm_source=api
"Pipsqueak, Rebel Strongarm","Pipsqueak, Rebel Strongarm",Legendary Creature — Human Rebel Ally,3,"Human, Rebel, Ally",tle,uncommon,https://scryfall.com/card/tle/82/pipsqueak-rebel-strongarm?utm_source=api
Plague Dogs,Plague Dogs,Creature — Phyrexian Zombie Dog,3,"Phyrexian, Zombie, Dog",uds,uncommon,https://scryfall.com/card/uds/66/plague-dogs?utm_source=api
Plague Stinger,Plague Stinger,Creature — Phyrexian Insect Horror,3,"Phyrexian, Insect, Horror",som,common,https://scryfall.com/card/som/75/plague-stinger?utm_source=api
"Pol Jamaar, Illusionist","Pol Jamaar, Illusionist",Legendary Creature — Human Illusion Wizard,3,"Human, Illusion, Wizard",j25,mythic,https://scryfall.com/card/j25/38/pol-jamaar-illusionist?utm_source=api
Possessed Aven,Possessed Aven,Creature — Bird Soldier Horror,3,"Bird, Soldier, Horror",tor,rare,https://scryfall.com/card/tor/45/possessed-aven?utm_source=api
Possessed Barbarian,Possessed Barbarian,Creature — Human Barbarian Horror,3,"Human, Barbarian, Horror",tor,rare,https://scryfall.com/card/tor/111/possessed-barbarian?utm_source=api
Possessed Nomad,Possessed Nomad,Creature — Human Nomad Horror,3,"Human, Nomad, Horror",tor,rare,https://scryfall.com/card/tor/13/possessed-nomad?utm_source=api
Praetorhoof Behemoth,Praetorhoof Behemoth,Creature — Phyrexian Praetor Beast,3,"Phyrexian, Praetor, Beast",unk,rare,https://scryfall.com/card/unk/RG06a/praetorhoof-behemoth?utm_source=api
Predation Steward,Predation Steward,Creature — Phyrexian Elf Warrior,3,"Phyrexian, Elf, Warrior",one,common,https://scryfall.com/card/one/180/predation-steward?utm_source=api
Pretending Poxbearers,Pretending Poxbearers,Creature — Human Citizen Ally,3,"Human, Citizen, Ally",tla,common,https://scryfall.com/card/tla/237/pretending-poxbearers?utm_source=api
Pride of the Road,Pride of the Road,Creature — Zombie Cat Warrior,3,"Zombie, Cat, Warrior",dft,uncommon,https://scryfall.com/card/dft/24/pride-of-the-road?utm_source=api
Priest of Urabrask,Priest of Urabrask,Creature — Phyrexian Human Cleric,3,"Phyrexian, Human, Cleric",nph,uncommon,https://scryfall.com/card/nph/90/priest-of-urabrask?utm_source=api
Priest of Yawgmoth,Priest of Yawgmoth,Creature — Phyrexian Human Cleric,3,"Phyrexian, Human, Cleric",atq,common,https://scryfall.com/card/atq/19/priest-of-yawgmoth?utm_source=api
Priest of the Crossing,Priest of the Crossing,Creature — Zombie Bird Cleric,3,"Zombie, Bird, Cleric",drc,rare,https://scryfall.com/card/drc/6/priest-of-the-crossing?utm_source=api
Prime Speaker Vannifar,Prime Speaker Vannifar,Legendary Creature — Elf Ooze Wizard,3,"Elf, Ooze, Wizard",rna,mythic,https://scryfall.com/card/rna/195/prime-speaker-vannifar?utm_source=api
Princess Yue,Princess Yue,Legendary Creature — Human Noble Ally,3,"Human, Noble, Ally",tle,uncommon,https://scryfall.com/card/tle/95/princess-yue?utm_source=api
Prodigal Sorcerer,Prodigal Sorcerer,Creature — Human Wizard Sorcerer,3,"Human, Wizard, Sorcerer",ema,uncommon,https://scryfall.com/card/ema/67/prodigal-sorcerer?utm_source=api
Professional Wrestler,Professional Wrestler,Creature — Human Warrior Performer,3,"Human, Warrior, Performer",spm,common,https://scryfall.com/card/spm/110/professional-wrestler?utm_source=api
Professor Hulk,Professor Hulk,Legendary Creature — Gamma Scientist Hero,3,"Gamma, Scientist, Hero",msc,rare,https://scryfall.com/card/msc/37/professor-hulk?utm_source=api
"Professor Zei, Anthropologist","Professor Zei, Anthropologist",Legendary Creature — Human Advisor Ally,3,"Human, Advisor, Ally",tla,uncommon,https://scryfall.com/card/tla/238/professor-zei-anthropologist?utm_source=api
Progenitor Exarch,Progenitor Exarch,Creature — Phyrexian Cat Cleric,3,"Phyrexian, Cat, Cleric",mom,rare,https://scryfall.com/card/mom/32/progenitor-exarch?utm_source=api
"Prowler, Clawed Thief","Prowler, Clawed Thief",Legendary Creature — Human Rogue Villain,3,"Human, Rogue, Villain",msc,uncommon,https://scryfall.com/card/msc/186/prowler-clawed-thief?utm_source=api
"Prowler, Misguided Mentor","Prowler, Misguided Mentor",Legendary Creature — Human Rogue Villain,3,"Human, Rogue, Villain",spe,uncommon,https://scryfall.com/card/spe/17/prowler-misguided-mentor?utm_source=api
Punk Frogs,Punk Frogs,Creature — Frog Mutant Rebel,3,"Frog, Mutant, Rebel",tmt,common,https://scryfall.com/card/tmt/164/punk-frogs?utm_source=api
"Puppet Master, String Puller","Puppet Master, String Puller",Legendary Creature — Human Artificer Villain,3,"Human, Artificer, Villain",msc,rare,https://scryfall.com/card/msc/59/puppet-master-string-puller?utm_source=api
Putrid Pals,Putrid Pals,Creature — Human Ooze Mutant,3,"Human, Ooze, Mutant",tmt,common,https://scryfall.com/card/tmt/165/putrid-pals?utm_source=api
Putrid Raptor,Putrid Raptor,Creature — Zombie Dinosaur Beast,3,"Zombie, Dinosaur, Beast",scg,uncommon,https://scryfall.com/card/scg/71/putrid-raptor?utm_source=api
Putrid Warrior,Putrid Warrior,Creature — Zombie Soldier Warrior,3,"Zombie, Soldier, Warrior",apc,common,https://scryfall.com/card/apc/117/putrid-warrior?utm_source=api
"Quake, Agent of S.H.I.E.L.D.","Quake, Agent of S.H.I.E.L.D.",Legendary Creature — Inhuman Spy Hero,3,"Inhuman, Spy, Hero",msh,uncommon,https://scryfall.com/card/msh/32/quake-agent-of-shield?utm_source=api
Queen of Ice // Rage of Winter,Queen of Ice,Creature — Human Noble Wizard,3,"Human, Noble, Wizard",eld,common,https://scryfall.com/card/eld/61/queen-of-ice-rage-of-winter?utm_source=api
Quirion Explorer,Quirion Explorer,Creature — Elf Druid Scout,3,"Elf, Druid, Scout",c16,common,https://scryfall.com/card/c16/160/quirion-explorer?utm_source=api
Radioactive Man,Radioactive Man,Legendary Creature — Human Scientist Villain,3,"Human, Scientist, Villain",msc,uncommon,https://scryfall.com/card/msc/665/radioactive-man?utm_source=api
Raging Goblinoids,Raging Goblinoids,Creature — Goblin Berserker Villain,3,"Goblin, Berserker, Villain",spm,uncommon,https://scryfall.com/card/spm/85/raging-goblinoids?utm_source=api
Rakish Revelers,Rakish Revelers,Creature — Elf Druid Rogue,3,"Elf, Druid, Rogue",snc,common,https://scryfall.com/card/snc/214/rakish-revelers?utm_source=api
Ramosian Revivalist,Ramosian Revivalist,Creature — Human Rebel Cleric,3,"Human, Rebel, Cleric",fut,uncommon,https://scryfall.com/card/fut/30/ramosian-revivalist?utm_source=api
Rampaging Ursaguana,Rampaging Ursaguana,Creature — Bear Lizard Mutant,3,"Bear, Lizard, Mutant",ymkm,rare,https://scryfall.com/card/ymkm/18/rampaging-ursaguana?utm_source=api
Ranger of Eos,Ranger of Eos,Creature — Human Soldier Ranger,3,"Human, Soldier, Ranger",mm3,rare,https://scryfall.com/card/mm3/19/ranger-of-eos?utm_source=api
Ranger-Captain of Eos,Ranger-Captain of Eos,Creature — Human Soldier Ranger,3,"Human, Soldier, Ranger",mh1,mythic,https://scryfall.com/card/mh1/21/ranger-captain-of-eos?utm_source=api
"Raph & Leo, Sibling Rivals","Raph & Leo, Sibling Rivals",Legendary Creature — Mutant Ninja Turtle,3,"Mutant, Ninja, Turtle",tmt,rare,https://scryfall.com/card/tmt/166/raph-&-leo-sibling-rivals?utm_source=api
"Raph & Mikey, Troublemakers","Raph & Mikey, Troublemakers",Legendary Creature — Mutant Ninja Turtle,3,"Mutant, Ninja, Turtle",tmt,rare,https://scryfall.com/card/tmt/167/raph-&-mikey-troublemakers?utm_source=api
"Raphael, Most Attitude","Raphael, Most Attitude",Legendary Creature — Mutant Ninja Turtle,3,"Mutant, Ninja, Turtle",tmt,uncommon,https://scryfall.com/card/tmt/101/raphael-most-attitude?utm_source=api
"Raphael, Ninja Destroyer","Raphael, Ninja Destroyer",Legendary Creature — Mutant Ninja Turtle,3,"Mutant, Ninja, Turtle",tmt,mythic,https://scryfall.com/card/tmt/102/raphael-ninja-destroyer?utm_source=api
"Raphael, Tag Team Tough","Raphael, Tag Team Tough",Legendary Creature — Mutant Ninja Turtle,3,"Mutant, Ninja, Turtle",tmc,mythic,https://scryfall.com/card/tmc/118/raphael-tag-team-tough?utm_source=api
"Raphael, Tough Turtle","Raphael, Tough Turtle",Legendary Creature — Mutant Ninja Turtle,3,"Mutant, Ninja, Turtle",tmt,common,https://scryfall.com/card/tmt/104/raphael-tough-turtle?utm_source=api
"Raphael, the Muscle","Raphael, the Muscle",Legendary Creature — Mutant Ninja Turtle,3,"Mutant, Ninja, Turtle",tmc,mythic,https://scryfall.com/card/tmc/4/raphael-the-muscle?utm_source=api
"Raphael, the Nightwatcher","Raphael, the Nightwatcher",Legendary Creature — Mutant Ninja Turtle,3,"Mutant, Ninja, Turtle",tmt,rare,https://scryfall.com/card/tmt/103/raphael-the-nightwatcher?utm_source=api
Rappelling Scouts,Rappelling Scouts,Creature — Human Rebel Scout,3,"Human, Rebel, Scout",mmq,rare,https://scryfall.com/card/mmq/41/rappelling-scouts?utm_source=api
Rathi Fiend,Rathi Fiend,Creature — Phyrexian Horror Mercenary,3,"Phyrexian, Horror, Mercenary",nem,uncommon,https://scryfall.com/card/nem/68/rathi-fiend?utm_source=api
Rathi Intimidator,Rathi Intimidator,Creature — Phyrexian Horror Mercenary,3,"Phyrexian, Horror, Mercenary",nem,common,https://scryfall.com/card/nem/69/rathi-intimidator?utm_source=api
Rathi Trapper,Rathi Trapper,Creature — Human Rebel Rogue,3,"Human, Rebel, Rogue",tsr,common,https://scryfall.com/card/tsr/133/rathi-trapper?utm_source=api
"Raul, Trouble Shooter","Raul, Trouble Shooter",Legendary Creature — Zombie Mutant Rogue,3,"Zombie, Mutant, Rogue",pip,uncommon,https://scryfall.com/card/pip/115/raul-trouble-shooter?utm_source=api
Raven Guild Master,Raven Guild Master,Creature — Human Wizard Mutant,3,"Human, Wizard, Mutant",scg,rare,https://scryfall.com/card/scg/47/raven-guild-master?utm_source=api
Ravenloft Adventurer,Ravenloft Adventurer,Creature — Human Rogue Assassin,3,"Human, Rogue, Assassin",clb,rare,https://scryfall.com/card/clb/142/ravenloft-adventurer?utm_source=api
Razorkin Hordecaller,Razorkin Hordecaller,Creature — Human Clown Berserker,3,"Human, Clown, Berserker",dsk,uncommon,https://scryfall.com/card/dsk/152/razorkin-hordecaller?utm_source=api
Rebel Informer,Rebel Informer,Creature — Human Mercenary Rebel,3,"Human, Mercenary, Rebel",pcy,rare,https://scryfall.com/card/pcy/75/rebel-informer?utm_source=api
Rebellious Captives,Rebellious Captives,Creature — Human Peasant Ally,3,"Human, Peasant, Ally",tla,common,https://scryfall.com/card/tla/191/rebellious-captives?utm_source=api
Reckless Bushwhacker,Reckless Bushwhacker,Creature — Goblin Warrior Ally,3,"Goblin, Warrior, Ally",ogw,uncommon,https://scryfall.com/card/ogw/116/reckless-bushwhacker?utm_source=api
Reckless Cohort,Reckless Cohort,Creature — Human Warrior Ally,3,"Human, Warrior, Ally",bfz,common,https://scryfall.com/card/bfz/152/reckless-cohort?utm_source=api
Reckless Waif // Merciless Predator,Reckless Waif,Creature — Human Rogue Werewolf,3,"Human, Rogue, Werewolf",isd,uncommon,https://scryfall.com/card/isd/159/reckless-waif-merciless-predator?utm_source=api
"Red Ghost, Intangible Genius","Red Ghost, Intangible Genius",Legendary Creature — Human Scientist Villain,3,"Human, Scientist, Villain",msc,rare,https://scryfall.com/card/msc/92/red-ghost-intangible-genius?utm_source=api
"Red Guardian, Super-Soldier","Red Guardian, Super-Soldier",Legendary Creature — Human Soldier Villain,3,"Human, Soldier, Villain",msh,uncommon,https://scryfall.com/card/msh/34/red-guardian-super-soldier?utm_source=api
Red Hulk,Red Hulk,Legendary Creature — Gamma Berserker Villain,3,"Gamma, Berserker, Villain",msh,uncommon,https://scryfall.com/card/msh/149/red-hulk?utm_source=api
Red Room Recruit,Red Room Recruit,Creature — Human Spy Villain,3,"Human, Spy, Villain",msh,common,https://scryfall.com/card/msh/110/red-room-recruit?utm_source=api
"Reed Richards, Smartest Man","Reed Richards, Smartest Man",Legendary Creature — Human Scientist Hero,3,"Human, Scientist, Hero",msc,rare,https://scryfall.com/card/msc/636/reed-richards-smartest-man?utm_source=api
Relief Captain,Relief Captain,Creature — Kor Knight Ally,3,"Kor, Knight, Ally",2x2,common,https://scryfall.com/card/2x2/24/relief-captain?utm_source=api
Reliquary Monk,Reliquary Monk,Creature — Human Monk Cleric,3,"Human, Monk, Cleric",uds,common,https://scryfall.com/card/uds/14/reliquary-monk?utm_source=api
Resolute Blademaster,Resolute Blademaster,Creature — Human Soldier Ally,3,"Human, Soldier, Ally",bfz,uncommon,https://scryfall.com/card/bfz/218/resolute-blademaster?utm_source=api
Rhet-Tomb Mystic,Rhet-Tomb Mystic,Creature — Zombie Bird Wizard,3,"Zombie, Bird, Wizard",drc,rare,https://scryfall.com/card/drc/10/rhet-tomb-mystic?utm_source=api
Rhox Bodyguard,Rhox Bodyguard,Creature — Rhino Monk Soldier,3,"Rhino, Monk, Soldier",con,common,https://scryfall.com/card/con/122/rhox-bodyguard?utm_source=api
Riftmarked Knight,Riftmarked Knight,Creature — Human Rebel Knight,3,"Human, Rebel, Knight",tsr,uncommon,https://scryfall.com/card/tsr/38/riftmarked-knight?utm_source=api
"Rin and Seri, Inseparabler","Rin and Seri, Inseparabler",Legendary Creature — Dog Cat Scientist,3,"Dog, Cat, Scientist",mb2,rare,https://scryfall.com/card/mb2/601/rin-and-seri-inseparabler?utm_source=api
Rinoa Heartilly,Rinoa Heartilly,Legendary Creature — Human Rebel Warlock,3,"Human, Rebel, Warlock",fin,uncommon,https://scryfall.com/card/fin/237/rinoa-heartilly?utm_source=api
"Rinoa, Angel Wing","Rinoa, Angel Wing",Legendary Creature — Human Rebel Warlock,3,"Human, Rebel, Warlock",fic,rare,https://scryfall.com/card/fic/450/rinoa-angel-wing?utm_source=api
Risen Necroregent,Risen Necroregent,Creature — Zombie Cat Knight,3,"Zombie, Cat, Knight",dft,uncommon,https://scryfall.com/card/dft/102/risen-necroregent?utm_source=api
Riven Turnbull and Princess Lucrezia,Riven Turnbull and Princess Lucrezia,Legendary Creature — Human Advisor Wizard,3,"Human, Advisor, Wizard",unk,rare,https://scryfall.com/card/unk/RZ08c/riven-turnbull-and-princess-lucrezia?utm_source=api
River Song,River Song,Legendary Creature — Human Time Lord Rogue,3,"Human, Time Lord, Rogue",who,rare,https://scryfall.com/card/who/152/river-song?utm_source=api
Robber of the Rich,Robber of the Rich,Creature — Human Archer Rogue,3,"Human, Archer, Rogue",eld,mythic,https://scryfall.com/card/eld/138/robber-of-the-rich?utm_source=api
Rockslide Sorcerer,Rockslide Sorcerer,Creature — Human Wizard Sorcerer,3,"Human, Wizard, Sorcerer",znr,uncommon,https://scryfall.com/card/znr/154/rockslide-sorcerer?utm_source=api
Rogue Skycaptain,Rogue Skycaptain,Creature — Human Rogue Mercenary,3,"Human, Rogue, Mercenary",me2,rare,https://scryfall.com/card/me2/149/rogue-skycaptain?utm_source=api
"Ronin, Shadow Stalker","Ronin, Shadow Stalker",Legendary Creature — Human Rogue Hero,3,"Human, Rogue, Hero",msh,uncommon,https://scryfall.com/card/msh/112/ronin-shadow-stalker?utm_source=api
"Rosa, Resolute White Mage","Rosa, Resolute White Mage",Legendary Creature — Human Noble Cleric,3,"Human, Noble, Cleric",fin,rare,https://scryfall.com/card/fin/555/rosa-resolute-white-mage?utm_source=api
Rowdy Snowballers,Rowdy Snowballers,Creature — Human Peasant Ally,3,"Human, Peasant, Ally",tla,common,https://scryfall.com/card/tla/68/rowdy-snowballers?utm_source=api
Roxxon Brutes,Roxxon Brutes,Creature — Human Berserker Villain,3,"Human, Berserker, Villain",msh,common,https://scryfall.com/card/msh/113/roxxon-brutes?utm_source=api
Rustvine Cultivator,Rustvine Cultivator,Creature — Phyrexian Elf Druid,3,"Phyrexian, Elf, Druid",one,common,https://scryfall.com/card/one/181/rustvine-cultivator?utm_source=api
Ruthless Waterbender,Ruthless Waterbender,Creature — Human Soldier Ally,3,"Human, Soldier, Ally",tle,uncommon,https://scryfall.com/card/tle/110/ruthless-waterbender?utm_source=api
Sabertooth Nishoba,Sabertooth Nishoba,Creature — Cat Beast Warrior,3,"Cat, Beast, Warrior",inv,rare,https://scryfall.com/card/inv/268/sabertooth-nishoba?utm_source=api
"Sabin, Master Monk","Sabin, Master Monk",Legendary Creature — Human Noble Monk,3,"Human, Noble, Monk",fic,rare,https://scryfall.com/card/fic/57/sabin-master-monk?utm_source=api
Safehold Duo,Safehold Duo,Creature — Elf Warrior Shaman,3,"Elf, Warrior, Shaman",shm,common,https://scryfall.com/card/shm/238/safehold-duo?utm_source=api
Sage of Ancient Lore // Werewolf of Ancient Hunger,Sage of Ancient Lore,Creature — Human Shaman Werewolf,3,"Human, Shaman, Werewolf",soi,rare,https://scryfall.com/card/soi/225/sage-of-ancient-lore-werewolf-of-ancient-hunger?utm_source=api
Sakura-Tribe Scout,Sakura-Tribe Scout,Creature — Snake Shaman Scout,3,"Snake, Shaman, Scout",sok,common,https://scryfall.com/card/sok/144/sakura-tribe-scout?utm_source=api
"Sally Pride, Lioness Leader","Sally Pride, Lioness Leader",Legendary Creature — Cat Mutant Rebel,3,"Cat, Mutant, Rebel",tmt,rare,https://scryfall.com/card/tmt/24/sally-pride-lioness-leader?utm_source=api
Saltfield Recluse,Saltfield Recluse,Creature — Human Rebel Cleric,3,"Human, Rebel, Cleric",tsr,uncommon,https://scryfall.com/card/tsr/40/saltfield-recluse?utm_source=api
"Sami, Wildcat Captain","Sami, Wildcat Captain",Legendary Creature — Human Artificer Rogue,3,"Human, Artificer, Rogue",eoe,mythic,https://scryfall.com/card/eoe/226/sami-wildcat-captain?utm_source=api
Samite Archer,Samite Archer,Creature — Human Cleric Archer,3,"Human, Cleric, Archer",inv,uncommon,https://scryfall.com/card/inv/269/samite-archer?utm_source=api
Samite Censer-Bearer,Samite Censer-Bearer,Creature — Human Rebel Cleric,3,"Human, Rebel, Cleric",fut,common,https://scryfall.com/card/fut/15/samite-censer-bearer?utm_source=api
"Samut, Vizier of Naktamun","Samut, Vizier of Naktamun",Legendary Creature — Human Warrior Cleric,3,"Human, Warrior, Cleric",mat,mythic,https://scryfall.com/card/mat/45/samut-vizier-of-naktamun?utm_source=api
"Samut, the Driving Force","Samut, the Driving Force",Legendary Creature — Human Warrior Cleric,3,"Human, Warrior, Cleric",dft,rare,https://scryfall.com/card/dft/222/samut-the-driving-force?utm_source=api
"Sandman, Shifting Scoundrel","Sandman, Shifting Scoundrel",Legendary Creature — Sand Elemental Villain,3,"Sand, Elemental, Villain",spm,rare,https://scryfall.com/card/spm/112/sandman-shifting-scoundrel?utm_source=api
Sandstone Warrior,Sandstone Warrior,Creature — Human Soldier Warrior,3,"Human, Soldier, Warrior",tpr,common,https://scryfall.com/card/tpr/154/sandstone-warrior?utm_source=api
Sandstorm Crasher,Sandstorm Crasher,Creature — Minotaur Berserker Wizard,3,"Minotaur, Berserker, Wizard",j25,rare,https://scryfall.com/card/j25/18/sandstorm-crasher?utm_source=api
Sanguine Guard,Sanguine Guard,Creature — Phyrexian Zombie Knight,3,"Phyrexian, Zombie, Knight",dde,uncommon,https://scryfall.com/card/dde/9/sanguine-guard?utm_source=api
Sarinth Steelseeker,Sarinth Steelseeker,Creature — Human Artificer Scout,3,"Human, Artificer, Scout",bro,uncommon,https://scryfall.com/card/bro/189/sarinth-steelseeker?utm_source=api
"Satoru, the Infiltrator","Satoru, the Infiltrator",Legendary Creature — Human Ninja Rogue,3,"Human, Ninja, Rogue",otj,rare,https://scryfall.com/card/otj/230/satoru-the-infiltrator?utm_source=api
Sauroform Hybrid,Sauroform Hybrid,Creature — Human Lizard Warrior,3,"Human, Lizard, Warrior",clu,common,https://scryfall.com/card/clu/173/sauroform-hybrid?utm_source=api
"Sauron, Dino Devotee","Sauron, Dino Devotee",Legendary Creature — Dinosaur Vampire Villain,3,"Dinosaur, Vampire, Villain",msc,mythic,https://scryfall.com/card/msc/731/sauron-dino-devotee?utm_source=api
Scared Stiff,Scared Stiff,Creature — Zombie Coward Guest,3,"Zombie, Coward, Guest",unf,common,https://scryfall.com/card/unf/90/scared-stiff?utm_source=api
"Scarlet Spider, Ben Reilly","Scarlet Spider, Ben Reilly",Legendary Creature — Spider Human Hero,3,"Spider, Human, Hero",spm,rare,https://scryfall.com/card/spm/142/scarlet-spider-ben-reilly?utm_source=api
"Scarlet Spider, Kaine","Scarlet Spider, Kaine",Legendary Creature — Spider Human Hero,3,"Spider, Human, Hero",spm,uncommon,https://scryfall.com/card/spm/143/scarlet-spider-kaine?utm_source=api
"Scarlet Witch, Chaotic Avenger","Scarlet Witch, Chaotic Avenger",Legendary Creature — Mutant Warlock Hero,3,"Mutant, Warlock, Hero",msc,rare,https://scryfall.com/card/msc/93/scarlet-witch-chaotic-avenger?utm_source=api
"Scarlet Witch, Wanda Maximoff","Scarlet Witch, Wanda Maximoff",Legendary Creature — Mutant Warlock Hero,3,"Mutant, Warlock, Hero",msc,uncommon,https://scryfall.com/card/msc/855/scarlet-witch-wanda-maximoff?utm_source=api
Schema Thief,Schema Thief,Creature — Vedalken Rogue Artificer,3,"Vedalken, Rogue, Artificer",moc,rare,https://scryfall.com/card/moc/24/schema-thief?utm_source=api
Scientist Supreme of A.I.M.,Scientist Supreme of A.I.M.,Legendary Creature — Human Scientist Villain,3,"Human, Scientist, Villain",msh,rare,https://scryfall.com/card/msh/225/scientist-supreme-of-aim?utm_source=api
"Scorpion, Seething Striker","Scorpion, Seething Striker",Legendary Creature — Scorpion Human Villain,3,"Scorpion, Human, Villain",spm,uncommon,https://scryfall.com/card/spm/64/scorpion-seething-striker?utm_source=api
Scurrilous Sentry,Scurrilous Sentry,Creature — Human Knight Rogue,3,"Human, Knight, Rogue",mh3,common,https://scryfall.com/card/mh3/108/scurrilous-sentry?utm_source=api
Scuttlegator,Scuttlegator,Creature — Crab Turtle Crocodile,3,"Crab, Turtle, Crocodile",clu,common,https://scryfall.com/card/clu/206/scuttlegator?utm_source=api
Sea Gate Loremaster,Sea Gate Loremaster,Creature — Merfolk Wizard Ally,3,"Merfolk, Wizard, Ally",zen,rare,https://scryfall.com/card/zen/63/sea-gate-loremaster?utm_source=api
Seascape Aerialist,Seascape Aerialist,Creature — Merfolk Wizard Ally,3,"Merfolk, Wizard, Ally",zen,uncommon,https://scryfall.com/card/zen/64/seascape-aerialist?utm_source=api
Sensational Spider-Man,Sensational Spider-Man,Legendary Creature — Spider Human Hero,3,"Spider, Human, Hero",spe,rare,https://scryfall.com/card/spe/25/sensational-spider-man?utm_source=api
Sentinel of the Nameless City,Sentinel of the Nameless City,Creature — Merfolk Warrior Scout,3,"Merfolk, Warrior, Scout",lci,rare,https://scryfall.com/card/lci/211/sentinel-of-the-nameless-city?utm_source=api
"Sephiroth, Fabled SOLDIER // Sephiroth, One-Winged Angel","Sephiroth, Fabled SOLDIER",Legendary Creature — Human Avatar Soldier,3,"Human, Avatar, Soldier",fin,mythic,https://scryfall.com/card/fin/115/sephiroth-fabled-soldier-sephiroth-one-winged-angel?utm_source=api
"Sephiroth, Fabled SOLDIER // Sephiroth, One-Winged Angel","Sephiroth, One-Winged Angel",Legendary Creature — Angel Nightmare Avatar,3,"Angel, Nightmare, Avatar",fin,mythic,https://scryfall.com/card/fin/115/sephiroth-fabled-soldier-sephiroth-one-winged-angel?utm_source=api
"Sephiroth, Fallen Hero","Sephiroth, Fallen Hero",Legendary Creature — Human Avatar Soldier,3,"Human, Avatar, Soldier",fic,rare,https://scryfall.com/card/fic/92/sephiroth-fallen-hero?utm_source=api
"Sephiroth, Planet's Heir","Sephiroth, Planet's Heir",Legendary Creature — Human Avatar Soldier,3,"Human, Avatar, Soldier",fin,mythic,https://scryfall.com/card/fin/553/sephiroth-planets-heir?utm_source=api
Serendib Sorcerer,Serendib Sorcerer,Creature — Human Wizard Sorcerer,3,"Human, Wizard, Sorcerer",c17,rare,https://scryfall.com/card/c17/93/serendib-sorcerer?utm_source=api
Serene Steward,Serene Steward,Creature — Human Cleric Ally,3,"Human, Cleric, Ally",bfz,uncommon,https://scryfall.com/card/bfz/46/serene-steward?utm_source=api
Serpent Specialist,Serpent Specialist,Creature — Human Snake Villain,3,"Human, Snake, Villain",msh,common,https://scryfall.com/card/msh/186/serpent-specialist?utm_source=api
"Setzer, Wandering Gambler","Setzer, Wandering Gambler",Legendary Creature — Human Rogue Pilot,3,"Human, Rogue, Pilot",fic,rare,https://scryfall.com/card/fic/93/setzer-wandering-gambler?utm_source=api
"Shadowheart, Cleric of Graves","Shadowheart, Cleric of Graves",Legendary Creature — Human Elf Cleric,3,"Human, Elf, Cleric",hbg,rare,https://scryfall.com/card/hbg/10b/shadowheart-cleric-of-graves?utm_source=api
"Shadowheart, Cleric of Order","Shadowheart, Cleric of Order",Legendary Creature — Human Elf Cleric,3,"Human, Elf, Cleric",hbg,rare,https://scryfall.com/card/hbg/10w/shadowheart-cleric-of-order?utm_source=api
"Shadowheart, Cleric of Trickery","Shadowheart, Cleric of Trickery",Legendary Creature — Human Elf Cleric,3,"Human, Elf, Cleric",hbg,rare,https://scryfall.com/card/hbg/10u/shadowheart-cleric-of-trickery?utm_source=api
"Shadowheart, Cleric of Twilight","Shadowheart, Cleric of Twilight",Legendary Creature — Human Elf Cleric,3,"Human, Elf, Cleric",hbg,rare,https://scryfall.com/card/hbg/10g/shadowheart-cleric-of-twilight?utm_source=api
"Shadowheart, Cleric of War","Shadowheart, Cleric of War",Legendary Creature — Human Elf Cleric,3,"Human, Elf, Cleric",hbg,rare,https://scryfall.com/card/hbg/10r/shadowheart-cleric-of-war?utm_source=api
"Shadowheart, Dark Justiciar","Shadowheart, Dark Justiciar",Legendary Creature — Human Elf Cleric,3,"Human, Elf, Cleric",clb,rare,https://scryfall.com/card/clb/146/shadowheart-dark-justiciar?utm_source=api
"Shadowheart, Sharran Cleric","Shadowheart, Sharran Cleric",Legendary Creature — Human Elf Cleric,3,"Human, Elf, Cleric",hbg,rare,https://scryfall.com/card/hbg/10/shadowheart-sharran-cleric?utm_source=api
Shaman en-Kor,Shaman en-Kor,Creature — Kor Cleric Shaman,3,"Kor, Cleric, Shaman",tpr,rare,https://scryfall.com/card/tpr/27/shaman-en-kor?utm_source=api
Shang-Chi and the Ten Rings,Shang-Chi and the Ten Rings,Legendary Creature — Human Warrior Hero,3,"Human, Warrior, Hero",msc,rare,https://scryfall.com/card/msc/94/shang-chi-and-the-ten-rings?utm_source=api
"Shang-Chi, Martial Mentor","Shang-Chi, Martial Mentor",Legendary Creature — Human Warrior Hero,3,"Human, Warrior, Hero",msc,rare,https://scryfall.com/card/msc/732/shang-chi-martial-mentor?utm_source=api
"Shang-Chi, Master of Kung Fu","Shang-Chi, Master of Kung Fu",Legendary Creature — Human Warrior Hero,3,"Human, Warrior, Hero",msh,mythic,https://scryfall.com/card/msh/187/shang-chi-master-of-kung-fu?utm_source=api
"Shark Shredder, Killer Clone","Shark Shredder, Killer Clone",Legendary Creature — Shark Octopus Ninja,3,"Shark, Octopus, Ninja",tmt,rare,https://scryfall.com/card/tmt/73/shark-shredder-killer-clone?utm_source=api
Sharktocrab,Sharktocrab,Creature — Shark Octopus Crab,3,"Shark, Octopus, Crab",rvr,uncommon,https://scryfall.com/card/rvr/222/sharktocrab?utm_source=api
Shatterskull Recruit,Shatterskull Recruit,Creature — Giant Warrior Ally,3,"Giant, Warrior, Ally",bfz,common,https://scryfall.com/card/bfz/155/shatterskull-recruit?utm_source=api
"Shaun & Rebecca, Agents","Shaun & Rebecca, Agents",Legendary Creature — Human Assassin Scientist,3,"Human, Assassin, Scientist",acr,rare,https://scryfall.com/card/acr/64/shaun-&-rebecca-agents?utm_source=api
Shay Cormac,Shay Cormac,Legendary Creature — Human Knight Rogue,3,"Human, Knight, Rogue",acr,uncommon,https://scryfall.com/card/acr/65/shay-cormac?utm_source=api
"She-Hulk, Attorney-at-Law","She-Hulk, Attorney-at-Law",Legendary Creature — Gamma Advisor Hero,3,"Gamma, Advisor, Hero",msc,uncommon,https://scryfall.com/card/msc/745/she-hulk-attorney-at-law?utm_source=api
"She-Hulk, Jennifer Walters","She-Hulk, Jennifer Walters",Legendary Creature — Gamma Berserker Hero,3,"Gamma, Berserker, Hero",msc,uncommon,https://scryfall.com/card/msc/554/she-hulk-jennifer-walters?utm_source=api
"Shessra, Death's Whisper","Shessra, Death's Whisper",Legendary Creature — Human Elf Warlock,3,"Human, Elf, Warlock",afr,uncommon,https://scryfall.com/card/afr/231/shessra-deaths-whisper?utm_source=api
Shieldmage Elder,Shieldmage Elder,Creature — Human Cleric Wizard,3,"Human, Cleric, Wizard",ons,uncommon,https://scryfall.com/card/ons/54/shieldmage-elder?utm_source=api
"Shiko and Narset, Unified","Shiko and Narset, Unified",Legendary Creature — Human Spirit Dragon,3,"Human, Spirit, Dragon",tdc,mythic,https://scryfall.com/card/tdc/7/shiko-and-narset-unified?utm_source=api
Shivan Zombie,Shivan Zombie,Creature — Phyrexian Barbarian Zombie,3,"Phyrexian, Barbarian, Zombie",inv,common,https://scryfall.com/card/inv/271/shivan-zombie?utm_source=api
"Shocker, Unshakable","Shocker, Unshakable",Legendary Creature — Human Rogue Villain,3,"Human, Rogue, Villain",spm,uncommon,https://scryfall.com/card/spm/89/shocker-unshakable?utm_source=api
Shoreline Ranger,Shoreline Ranger,Creature — Bird Soldier Ranger,3,"Bird, Soldier, Ranger",a25,common,https://scryfall.com/card/a25/72/shoreline-ranger?utm_source=api
Shriekdiver,Shriekdiver,Creature — Zombie Bird Warrior,3,"Zombie, Bird, Warrior",war,common,https://scryfall.com/card/war/103/shriekdiver?utm_source=api
"Shuri, Vibranium Technologist","Shuri, Vibranium Technologist",Legendary Creature — Human Artificer Hero,3,"Human, Artificer, Hero",msc,uncommon,https://scryfall.com/card/msc/746/shuri-vibranium-technologist?utm_source=api
"Shuri, Wakandan Inventor","Shuri, Wakandan Inventor",Legendary Creature — Human Artificer Hero,3,"Human, Artificer, Hero",msh,uncommon,https://scryfall.com/card/msh/75/shuri-wakandan-inventor?utm_source=api
"Shuri, the Black Panther","Shuri, the Black Panther",Legendary Creature — Human Noble Hero,3,"Human, Noble, Hero",msc,mythic,https://scryfall.com/card/msc/95/shuri-the-black-panther?utm_source=api
"Sidisi, Regent of the Mire","Sidisi, Regent of the Mire",Legendary Creature — Zombie Snake Warlock,3,"Zombie, Snake, Warlock",tdm,rare,https://scryfall.com/card/tdm/92/sidisi-regent-of-the-mire?utm_source=api
"Siegfried, Famed Swordsman","Siegfried, Famed Swordsman",Legendary Creature — Human Warrior Rogue,3,"Human, Warrior, Rogue",fic,rare,https://scryfall.com/card/fic/51/siegfried-famed-swordsman?utm_source=api
Sif's Spearmaster,Sif's Spearmaster,Creature — God Warrior Hero,3,"God, Warrior, Hero",msc,common,https://scryfall.com/card/msc/765/sifs-spearmaster?utm_source=api
Sighted-Caste Sorcerer,Sighted-Caste Sorcerer,Creature — Human Wizard Sorcerer,3,"Human, Wizard, Sorcerer",ala,common,https://scryfall.com/card/ala/26/sighted-caste-sorcerer?utm_source=api
Silent Assassin,Silent Assassin,Creature — Human Mercenary Assassin,3,"Human, Mercenary, Assassin",mmq,rare,https://scryfall.com/card/mmq/160/silent-assassin?utm_source=api
Silhana Starfletcher,Silhana Starfletcher,Creature — Elf Druid Archer,3,"Elf, Druid, Archer",gpt,common,https://scryfall.com/card/gpt/95/silhana-starfletcher?utm_source=api
"Silk, Web Weaver","Silk, Web Weaver",Legendary Creature — Spider Human Hero,3,"Spider, Human, Hero",spm,rare,https://scryfall.com/card/spm/145/silk-web-weaver?utm_source=api
Silumgar Sorcerer,Silumgar Sorcerer,Creature — Human Wizard Sorcerer,3,"Human, Wizard, Sorcerer",dtk,uncommon,https://scryfall.com/card/dtk/76/silumgar-sorcerer?utm_source=api
"Silver Sable, Mercenary Leader","Silver Sable, Mercenary Leader",Legendary Creature — Human Mercenary Hero,3,"Human, Mercenary, Hero",spm,uncommon,https://scryfall.com/card/spm/13/silver-sable-mercenary-leader?utm_source=api
"Simic, Value Engine","Simic, Value Engine",Legendary Creature — Vedalken Octopus Raccoon,3,"Vedalken, Octopus, Raccoon",unk,rare,https://scryfall.com/card/unk/RZ08d/simic-value-engine?utm_source=api
Siren Stormtamer,Siren Stormtamer,Creature — Siren Pirate Wizard,3,"Siren, Pirate, Wizard",lcc,uncommon,https://scryfall.com/card/lcc/171/siren-stormtamer?utm_source=api
"Sivriss, Nightmare Speaker","Sivriss, Nightmare Speaker",Legendary Creature — Snake Cleric Warlock,3,"Snake, Cleric, Warlock",clb,uncommon,https://scryfall.com/card/clb/148/sivriss-nightmare-speaker?utm_source=api
Skatewing Spy,Skatewing Spy,Creature — Vedalken Rogue Mutant,3,"Vedalken, Rogue, Mutant",rna,uncommon,https://scryfall.com/card/rna/52/skatewing-spy?utm_source=api
"Skithiryx, the Blight Dragon","Skithiryx, the Blight Dragon",Legendary Creature — Phyrexian Dragon Skeleton,3,"Phyrexian, Dragon, Skeleton",2xm,mythic,https://scryfall.com/card/2xm/107/skithiryx-the-blight-dragon?utm_source=api
Skyclave Aerialist // Skyclave Invader,Skyclave Invader,Creature — Phyrexian Merfolk Scout,3,"Phyrexian, Merfolk, Scout",mom,uncommon,https://scryfall.com/card/mom/78/skyclave-aerialist-skyclave-invader?utm_source=api
Skyrider Elf,Skyrider Elf,Creature — Elf Warrior Ally,3,"Elf, Warrior, Ally",bfz,uncommon,https://scryfall.com/card/bfz/220/skyrider-elf?utm_source=api
Skyshroud Troopers,Skyshroud Troopers,Creature — Elf Druid Warrior,3,"Elf, Druid, Warrior",sth,common,https://scryfall.com/card/sth/115/skyshroud-troopers?utm_source=api
Skyward Spider,Skyward Spider,Creature — Spider Human Hero,3,"Spider, Human, Hero",spm,common,https://scryfall.com/card/spm/146/skyward-spider?utm_source=api
"Slash, Reptile Rampager","Slash, Reptile Rampager",Legendary Creature — Mutant Berserker Turtle,3,"Mutant, Berserker, Turtle",tmt,rare,https://scryfall.com/card/tmt/108/slash-reptile-rampager?utm_source=api
"Slobad, Iron Goblin","Slobad, Iron Goblin",Legendary Creature — Phyrexian Goblin Artificer,3,"Phyrexian, Goblin, Artificer",one,rare,https://scryfall.com/card/one/149/slobad-iron-goblin?utm_source=api
"Smellerbee, Rebel Fighter","Smellerbee, Rebel Fighter",Legendary Creature — Human Rebel Ally,3,"Human, Rebel, Ally",tle,rare,https://scryfall.com/card/tle/125/smellerbee-rebel-fighter?utm_source=api
Smirking Spelljacker,Smirking Spelljacker,Creature — Djinn Wizard Rogue,3,"Djinn, Wizard, Rogue",otc,rare,https://scryfall.com/card/otc/16/smirking-spelljacker?utm_source=api
"Snapdax, Apex of the Hunt","Snapdax, Apex of the Hunt",Legendary Creature — Dinosaur Cat Nightmare,3,"Dinosaur, Cat, Nightmare",iko,mythic,https://scryfall.com/card/iko/209/snapdax-apex-of-the-hunt?utm_source=api
Snow Villiers,Snow Villiers,Legendary Creature — Human Rebel Monk,3,"Human, Rebel, Monk",fin,uncommon,https://scryfall.com/card/fin/33/snow-villiers?utm_source=api
Sojourner's Enforcermite,Sojourner's Enforcermite,Artifact Creature — Frog Myr Salamander,3,"Frog, Myr, Salamander",unk,common,https://scryfall.com/card/unk/CA06b/sojourners-enforcermite?utm_source=api
Sokenzan Renegade,Sokenzan Renegade,Creature — Ogre Samurai Mercenary,3,"Ogre, Samurai, Mercenary",sok,uncommon,https://scryfall.com/card/sok/114/sokenzan-renegade?utm_source=api
Sokenzan Spellblade,Sokenzan Spellblade,Creature — Ogre Samurai Shaman,3,"Ogre, Samurai, Shaman",sok,common,https://scryfall.com/card/sok/115/sokenzan-spellblade?utm_source=api
Sokka and Suki,Sokka and Suki,Legendary Creature — Human Warrior Ally,3,"Human, Warrior, Ally",tle,rare,https://scryfall.com/card/tle/71/sokka-and-suki?utm_source=api
"Sokka, Bold Boomeranger","Sokka, Bold Boomeranger",Legendary Creature — Human Warrior Ally,3,"Human, Warrior, Ally",tla,rare,https://scryfall.com/card/tla/240/sokka-bold-boomeranger?utm_source=api
"Sokka, Lateral Strategist","Sokka, Lateral Strategist",Legendary Creature — Human Warrior Ally,3,"Human, Warrior, Ally",tla,uncommon,https://scryfall.com/card/tla/241/sokka-lateral-strategist?utm_source=api
"Sokka, Swordmaster","Sokka, Swordmaster",Legendary Creature — Human Warrior Ally,3,"Human, Warrior, Ally",tle,mythic,https://scryfall.com/card/tle/83/sokka-swordmaster?utm_source=api
"Sokka, Tenacious Tactician","Sokka, Tenacious Tactician",Legendary Creature — Human Warrior Ally,3,"Human, Warrior, Ally",tla,rare,https://scryfall.com/card/tla/242/sokka-tenacious-tactician?utm_source=api
"Sokka, Wolf Cove's Protector","Sokka, Wolf Cove's Protector",Legendary Creature — Human Warrior Ally,3,"Human, Warrior, Ally",tle,uncommon,https://scryfall.com/card/tle/219/sokka-wolf-coves-protector?utm_source=api
Soldevi Machinist,Soldevi Machinist,Creature — Human Wizard Artificer,3,"Human, Wizard, Artificer",me4,uncommon,https://scryfall.com/card/me4/63/soldevi-machinist?utm_source=api
Solitary Hunter // One of the Pack,Solitary Hunter,Creature — Human Warrior Werewolf,3,"Human, Warrior, Werewolf",soi,common,https://scryfall.com/card/soi/229/solitary-hunter-one-of-the-pack?utm_source=api
Soltari Monk,Soltari Monk,Creature — Soltari Monk Cleric,3,"Soltari, Monk, Cleric",tpr,uncommon,https://scryfall.com/card/tpr/31/soltari-monk?utm_source=api
Sorcerer of the Fang,Sorcerer of the Fang,Creature — Human Wizard Sorcerer,3,"Human, Wizard, Sorcerer",m20,common,https://scryfall.com/card/m20/114/sorcerer-of-the-fang?utm_source=api
Sorceress Queen,Sorceress Queen,Creature — Human Wizard Sorcerer,3,"Human, Wizard, Sorcerer",5ed,rare,https://scryfall.com/card/5ed/194/sorceress-queen?utm_source=api
South Pole Voyager,South Pole Voyager,Creature — Human Scout Ally,3,"Human, Scout, Ally",tla,rare,https://scryfall.com/card/tla/35/south-pole-voyager?utm_source=api
South Wind Avatar,South Wind Avatar,Creature — Snake Spirit Avatar,3,"Snake, Spirit, Avatar",tmt,rare,https://scryfall.com/card/tmt/78/south-wind-avatar?utm_source=api
Spawnbinder Mage,Spawnbinder Mage,Creature — Human Wizard Ally,3,"Human, Wizard, Ally",ogw,common,https://scryfall.com/card/ogw/35/spawnbinder-mage?utm_source=api
Spectacular Spider-Man,Spectacular Spider-Man,Legendary Creature — Spider Human Hero,3,"Spider, Human, Hero",pspl,rare,https://scryfall.com/card/pspl/6/spectacular-spider-man?utm_source=api
Spellgorger Barbarian,Spellgorger Barbarian,Creature — Human Nightmare Barbarian,3,"Human, Nightmare, Barbarian",jud,common,https://scryfall.com/card/jud/100/spellgorger-barbarian?utm_source=api
Spellrune Painter // Spellrune Howler,Spellrune Painter,Creature — Human Shaman Werewolf,3,"Human, Shaman, Werewolf",mid,uncommon,https://scryfall.com/card/mid/160/spellrune-painter-spellrune-howler?utm_source=api
Spellweaver Eternal,Spellweaver Eternal,Creature — Zombie Snake Wizard,3,"Zombie, Snake, Wizard",hou,common,https://scryfall.com/card/hou/46/spellweaver-eternal?utm_source=api
Spider-Bot,Spider-Bot,Artifact Creature — Spider Robot Scout,3,"Spider, Robot, Scout",spm,common,https://scryfall.com/card/spm/173/spider-bot?utm_source=api
"Spider-Byte, Web Warden","Spider-Byte, Web Warden",Legendary Creature — Spider Avatar Hero,3,"Spider, Avatar, Hero",spm,uncommon,https://scryfall.com/card/spm/44/spider-byte-web-warden?utm_source=api
"Spider-Girl, Legacy Hero","Spider-Girl, Legacy Hero",Legendary Creature — Spider Human Hero,3,"Spider, Human, Hero",spm,uncommon,https://scryfall.com/card/spm/149/spider-girl-legacy-hero?utm_source=api
"Spider-Gwen, Free Spirit","Spider-Gwen, Free Spirit",Legendary Creature — Spider Human Hero,3,"Spider, Human, Hero",msc,common,https://scryfall.com/card/msc/874/spider-gwen-free-spirit?utm_source=api
"Spider-Ham, Peter Porker","Spider-Ham, Peter Porker",Legendary Creature — Spider Boar Hero,3,"Spider, Boar, Hero",spm,rare,https://scryfall.com/card/spm/114/spider-ham-peter-porker?utm_source=api
Spider-Islanders,Spider-Islanders,Creature — Spider Horror Citizen,3,"Spider, Horror, Citizen",spm,common,https://scryfall.com/card/spm/91/spider-islanders?utm_source=api
Spider-Man 2099,Spider-Man 2099,Legendary Creature — Spider Human Hero,3,"Spider, Human, Hero",spm,rare,https://scryfall.com/card/spm/150/spider-man-2099?utm_source=api
"Spider-Man 2099, Miguel O'Hara","Spider-Man 2099, Miguel O'Hara",Legendary Creature — Spider Human Hero,3,"Spider, Human, Hero",spe,mythic,https://scryfall.com/card/spe/8/spider-man-2099-miguel-ohara?utm_source=api
Spider-Man India,Spider-Man India,Legendary Creature — Spider Human Hero,3,"Spider, Human, Hero",spm,uncommon,https://scryfall.com/card/spm/151/spider-man-india?utm_source=api
Spider-Man Noir,Spider-Man Noir,Legendary Creature — Spider Human Hero,3,"Spider, Human, Hero",spm,uncommon,https://scryfall.com/card/spm/67/spider-man-noir?utm_source=api
"Spider-Man, Brooklyn Visionary","Spider-Man, Brooklyn Visionary",Legendary Creature — Spider Human Hero,3,"Spider, Human, Hero",spm,common,https://scryfall.com/card/spm/115/spider-man-brooklyn-visionary?utm_source=api
"Spider-Man, Hometown Hero","Spider-Man, Hometown Hero",Legendary Creature — Spider Human Hero,3,"Spider, Human, Hero",msc,common,https://scryfall.com/card/msc/857/spider-man-hometown-hero?utm_source=api
"Spider-Man, Miles Morales","Spider-Man, Miles Morales",Legendary Creature — Spider Human Hero,3,"Spider, Human, Hero",spe,mythic,https://scryfall.com/card/spe/18/spider-man-miles-morales?utm_source=api
"Spider-Man, New Champion","Spider-Man, New Champion",Legendary Creature — Spider Human Hero,3,"Spider, Human, Hero",msc,rare,https://scryfall.com/card/msc/705/spider-man-new-champion?utm_source=api
"Spider-Man, Peter Parker","Spider-Man, Peter Parker",Legendary Creature — Spider Human Hero,3,"Spider, Human, Hero",spe,mythic,https://scryfall.com/card/spe/4/spider-man-peter-parker?utm_source=api
"Spider-Man, To the Rescue","Spider-Man, To the Rescue",Legendary Creature — Spider Human Hero,3,"Spider, Human, Hero",msh,uncommon,https://scryfall.com/card/msh/228/spider-man-to-the-rescue?utm_source=api
"Spider-Man, Web-Slinger","Spider-Man, Web-Slinger",Legendary Creature — Spider Human Hero,3,"Spider, Human, Hero",msc,common,https://scryfall.com/card/msc/776/spider-man-web-slinger?utm_source=api
"Spider-Man, Web-Spinner","Spider-Man, Web-Spinner",Legendary Creature — Spider Human Hero,3,"Spider, Human, Hero",msc,mythic,https://scryfall.com/card/msc/832/spider-man-web-spinner?utm_source=api
Spider-Punk,Spider-Punk,Legendary Creature — Spider Human Hero,3,"Spider, Human, Hero",spm,rare,https://scryfall.com/card/spm/92/spider-punk?utm_source=api
"Spider-Rex, Daring Dino","Spider-Rex, Daring Dino",Legendary Creature — Spider Dinosaur Hero,3,"Spider, Dinosaur, Hero",msc,common,https://scryfall.com/card/msc/818/spider-rex-daring-dino?utm_source=api
Spider-UK,Spider-UK,Legendary Creature — Spider Human Hero,3,"Spider, Human, Hero",msc,uncommon,https://scryfall.com/card/msc/777/spider-uk?utm_source=api
"Spider-Woman, Stunning Savior","Spider-Woman, Stunning Savior",Legendary Creature — Spider Human Hero,3,"Spider, Human, Hero",spm,rare,https://scryfall.com/card/spm/152/spider-woman-stunning-savior?utm_source=api
Spineless Thug,Spineless Thug,Creature — Phyrexian Zombie Mercenary,3,"Phyrexian, Zombie, Mercenary",10e,common,https://scryfall.com/card/10e/180/spineless-thug?utm_source=api
Spinneret and Spiderling,Spinneret and Spiderling,Legendary Creature — Spider Human Hero,3,"Spider, Human, Hero",spm,rare,https://scryfall.com/card/spm/94/spinneret-and-spiderling?utm_source=api
Spiteful Bully,Spiteful Bully,Creature — Phyrexian Zombie Mercenary,3,"Phyrexian, Zombie, Mercenary",nem,common,https://scryfall.com/card/nem/72/spiteful-bully?utm_source=api
"Splinter, Aging Champion","Splinter, Aging Champion",Legendary Creature — Mutant Ninja Rat,3,"Mutant, Ninja, Rat",tmc,rare,https://scryfall.com/card/tmc/104/splinter-aging-champion?utm_source=api
"Splinter, Hamato Yoshi","Splinter, Hamato Yoshi",Legendary Creature — Mutant Ninja Rat,3,"Mutant, Ninja, Rat",tmt,uncommon,https://scryfall.com/card/tmt/79/splinter-hamato-yoshi?utm_source=api
"Splinter, Radical Rat","Splinter, Radical Rat",Legendary Creature — Mutant Ninja Rat,3,"Mutant, Ninja, Rat",tmt,rare,https://scryfall.com/card/tmt/169/splinter-radical-rat?utm_source=api
"Splinter, the Mentor","Splinter, the Mentor",Legendary Creature — Mutant Ninja Rat,3,"Mutant, Ninja, Rat",tmc,mythic,https://scryfall.com/card/tmc/3/splinter-the-mentor?utm_source=api
"Squall, SeeD Mercenary","Squall, SeeD Mercenary",Legendary Creature — Human Knight Mercenary,3,"Human, Knight, Mercenary",fin,rare,https://scryfall.com/card/fin/243/squall-seed-mercenary?utm_source=api
Squirrel Dealer,Squirrel Dealer,Creature — Raccoon Lizard Bird,3,"Raccoon, Lizard, Bird",ust,common,https://scryfall.com/card/ust/123/squirrel-dealer?utm_source=api
Starlight Invoker,Starlight Invoker,Creature — Human Cleric Mutant,3,"Human, Cleric, Mutant",10e,uncommon,https://scryfall.com/card/10e/47/starlight-invoker?utm_source=api
Steward of Valeron,Steward of Valeron,Creature — Human Druid Knight,3,"Human, Druid, Knight",ddg,common,https://scryfall.com/card/ddg/11/steward-of-valeron?utm_source=api
"Stick, Fearless Mentor","Stick, Fearless Mentor",Legendary Creature — Human Monk Hero,3,"Human, Monk, Hero",msc,uncommon,https://scryfall.com/card/msc/706/stick-fearless-mentor?utm_source=api
"Stilt-Man, Towering Terror","Stilt-Man, Towering Terror",Legendary Creature — Human Rogue Villain,3,"Human, Rogue, Villain",msc,rare,https://scryfall.com/card/msc/61/stilt-man-towering-terror?utm_source=api
"Stockman, Mad Fly-entist","Stockman, Mad Fly-entist",Legendary Creature — Insect Mutant Scientist,3,"Insect, Mutant, Scientist",tmt,common,https://scryfall.com/card/tmt/54/stockman-mad-fly-entist?utm_source=api
Stone Haven Outfitter,Stone Haven Outfitter,Creature — Kor Artificer Ally,3,"Kor, Artificer, Ally",ogw,rare,https://scryfall.com/card/ogw/37/stone-haven-outfitter?utm_source=api
Stoneforge Acolyte,Stoneforge Acolyte,Creature — Kor Artificer Ally,3,"Kor, Artificer, Ally",ogw,uncommon,https://scryfall.com/card/ogw/38/stoneforge-acolyte?utm_source=api
Storm Fleet Pyromancer,Storm Fleet Pyromancer,Creature — Human Pirate Wizard,3,"Human, Pirate, Wizard",2x2,common,https://scryfall.com/card/2x2/126/storm-fleet-pyromancer?utm_source=api
Storm Shaman,Storm Shaman,Creature — Human Cleric Shaman,3,"Human, Cleric, Shaman",7ed,uncommon,https://scryfall.com/card/7ed/222/storm-shaman?utm_source=api
"Storm, Queen of Wakanda","Storm, Queen of Wakanda",Legendary Creature — Mutant Noble Hero,3,"Mutant, Noble, Hero",msc,rare,https://scryfall.com/card/msc/97/storm-queen-of-wakanda?utm_source=api
"Storrev, Devkarin Lich","Storrev, Devkarin Lich",Legendary Creature — Zombie Elf Wizard,3,"Zombie, Elf, Wizard",war,rare,https://scryfall.com/card/war/219/storrev-devkarin-lich?utm_source=api
Stronghold Assassin,Stronghold Assassin,Creature — Phyrexian Zombie Assassin,3,"Phyrexian, Zombie, Assassin",tpr,rare,https://scryfall.com/card/tpr/120/stronghold-assassin?utm_source=api
Stubborn Burrowfiend,Stubborn Burrowfiend,Creature — Badger Beast Mount,3,"Badger, Beast, Mount",otj,uncommon,https://scryfall.com/card/otj/184/stubborn-burrowfiend?utm_source=api
"Suki, Courageous Rescuer","Suki, Courageous Rescuer",Legendary Creature — Human Warrior Ally,3,"Human, Warrior, Ally",tla,rare,https://scryfall.com/card/tla/37/suki-courageous-rescuer?utm_source=api
"Suki, Kyoshi Captain","Suki, Kyoshi Captain",Legendary Creature — Human Warrior Ally,3,"Human, Warrior, Ally",tle,rare,https://scryfall.com/card/tle/85/suki-kyoshi-captain?utm_source=api
"Suki, Kyoshi Warrior","Suki, Kyoshi Warrior",Legendary Creature — Human Warrior Ally,3,"Human, Warrior, Ally",tla,uncommon,https://scryfall.com/card/tla/243/suki-kyoshi-warrior?utm_source=api
Sultai Devotee,Sultai Devotee,Creature — Zombie Snake Druid,3,"Zombie, Snake, Druid",tdm,common,https://scryfall.com/card/tdm/160/sultai-devotee?utm_source=api
Sun Warriors,Sun Warriors,Creature — Human Warrior Ally,3,"Human, Warrior, Ally",tla,uncommon,https://scryfall.com/card/tla/244/sun-warriors?utm_source=api
"Sun-Spider, Nimble Webber","Sun-Spider, Nimble Webber",Legendary Creature — Spider Human Hero,3,"Spider, Human, Hero",spm,uncommon,https://scryfall.com/card/spm/154/sun-spider-nimble-webber?utm_source=api
Sunseed Nurturer,Sunseed Nurturer,Creature — Human Druid Wizard,3,"Human, Druid, Wizard",ala,uncommon,https://scryfall.com/card/ala/29/sunseed-nurturer?utm_source=api
Super Shredder,Super Shredder,Legendary Creature — Mutant Ninja Human,3,"Mutant, Ninja, Human",tmt,mythic,https://scryfall.com/card/tmt/83/super-shredder?utm_source=api
Super-Skrull,Super-Skrull,Legendary Creature — Skrull Shapeshifter Villain,3,"Skrull, Shapeshifter, Villain",msh,rare,https://scryfall.com/card/msh/115/super-skrull?utm_source=api
Superior Foes of Spider-Man,Superior Foes of Spider-Man,Creature — Human Rogue Villain,3,"Human, Rogue, Villain",msc,uncommon,https://scryfall.com/card/msc/167/superior-foes-of-spider-man?utm_source=api
Superior Spider-Man,Superior Spider-Man,Legendary Creature — Spider Human Hero,3,"Spider, Human, Hero",spm,rare,https://scryfall.com/card/spm/155/superior-spider-man?utm_source=api
"Surtr, Fiery Jötun","Surtr, Fiery Jötun",Legendary Creature — Giant God Warrior,3,"Giant, God, Warrior",acr,rare,https://scryfall.com/card/acr/293/surtr-fiery-j%C3%B6tun?utm_source=api
Suspicious Nanny,Suspicious Nanny,Creature — Human Spy Rigger,3,"Human, Spy, Rigger",ust,uncommon,https://scryfall.com/card/ust/47/suspicious-nanny?utm_source=api
Suspicious Stowaway // Seafaring Werewolf,Suspicious Stowaway,Creature — Human Rogue Werewolf,3,"Human, Rogue, Werewolf",mid,rare,https://scryfall.com/card/mid/80/suspicious-stowaway-seafaring-werewolf?utm_source=api
Swampbenders,Swampbenders,Creature — Human Druid Ally,3,"Human, Druid, Ally",tle,rare,https://scryfall.com/card/tle/65/swampbenders?utm_source=api
Swashbuckler Extraordinaire,Swashbuckler Extraordinaire,Creature — Dragon Rogue Warrior,3,"Dragon, Rogue, Warrior",clb,uncommon,https://scryfall.com/card/clb/198/swashbuckler-extraordinaire?utm_source=api
"Swordsman, Sharp Scoundrel","Swordsman, Sharp Scoundrel",Legendary Creature — Human Hero Villain,3,"Human, Hero, Villain",msh,uncommon,https://scryfall.com/card/msh/116/swordsman-sharp-scoundrel?utm_source=api
Sylvan Advocate,Sylvan Advocate,Creature — Elf Druid Ally,3,"Elf, Druid, Ally",znc,rare,https://scryfall.com/card/znc/84/sylvan-advocate?utm_source=api
Sylvan Ranger,Sylvan Ranger,Creature — Elf Scout Ranger,3,"Elf, Scout, Ranger",jmp,common,https://scryfall.com/card/jmp/435/sylvan-ranger?utm_source=api
Symbiote Spider-Man,Symbiote Spider-Man,Legendary Creature — Symbiote Spider Hero,3,"Symbiote, Spider, Hero",spm,rare,https://scryfall.com/card/spm/156/symbiote-spider-man?utm_source=api
"T'Chaka, Venerable King","T'Chaka, Venerable King",Legendary Creature — Human Noble Hero,3,"Human, Noble, Hero",msc,rare,https://scryfall.com/card/msc/98/tchaka-venerable-king?utm_source=api
"T'Challa, the Black Panther","T'Challa, the Black Panther",Legendary Creature — Human Noble Hero,3,"Human, Noble, Hero",msc,mythic,https://scryfall.com/card/msc/7/tchalla-the-black-panther?utm_source=api
Tajuru Archer,Tajuru Archer,Creature — Elf Archer Ally,3,"Elf, Archer, Ally",ddp,uncommon,https://scryfall.com/card/ddp/23/tajuru-archer?utm_source=api
Tajuru Beastmaster,Tajuru Beastmaster,Creature — Elf Warrior Ally,3,"Elf, Warrior, Ally",bfz,common,https://scryfall.com/card/bfz/193/tajuru-beastmaster?utm_source=api
Tajuru Pathwarden,Tajuru Pathwarden,Creature — Elf Warrior Ally,3,"Elf, Warrior, Ally",fdn,common,https://scryfall.com/card/fdn/558/tajuru-pathwarden?utm_source=api
Tajuru Stalwart,Tajuru Stalwart,Creature — Elf Scout Ally,3,"Elf, Scout, Ally",bfz,common,https://scryfall.com/card/bfz/194/tajuru-stalwart?utm_source=api
Tajuru Warcaller,Tajuru Warcaller,Creature — Elf Warrior Ally,3,"Elf, Warrior, Ally",bfz,uncommon,https://scryfall.com/card/bfz/195/tajuru-warcaller?utm_source=api
Takeno's Cavalry,Takeno's Cavalry,Creature — Human Samurai Archer,3,"Human, Samurai, Archer",bok,common,https://scryfall.com/card/bok/24/takenos-cavalry?utm_source=api
Talas Explorer,Talas Explorer,Creature — Human Pirate Scout,3,"Human, Pirate, Scout",p02,common,https://scryfall.com/card/p02/49/talas-explorer?utm_source=api
Talas Researcher,Talas Researcher,Creature — Human Pirate Wizard,3,"Human, Pirate, Wizard",me4,uncommon,https://scryfall.com/card/me4/66/talas-researcher?utm_source=api
Talas Scout,Talas Scout,Creature — Human Pirate Scout,3,"Human, Pirate, Scout",p02,common,https://scryfall.com/card/p02/52/talas-scout?utm_source=api
Talas Warrior,Talas Warrior,Creature — Human Pirate Warrior,3,"Human, Pirate, Warrior",p02,rare,https://scryfall.com/card/p02/53/talas-warrior?utm_source=api
Talus Paladin,Talus Paladin,Creature — Human Knight Ally,3,"Human, Knight, Ally",wwk,rare,https://scryfall.com/card/wwk/21/talus-paladin?utm_source=api
Tarkir Duneshaper // Burnished Dunestomper,Burnished Dunestomper,Creature — Phyrexian Dog Warrior,3,"Phyrexian, Dog, Warrior",mom,common,https://scryfall.com/card/mom/43/tarkir-duneshaper-burnished-dunestomper?utm_source=api
"Taskmaster, Mercenary Mimic","Taskmaster, Mercenary Mimic",Legendary Creature — Human Mercenary Villain,3,"Human, Mercenary, Villain",msh,rare,https://scryfall.com/card/msh/232/taskmaster-mercenary-mimic?utm_source=api
Tato Farmer,Tato Farmer,Creature — Zombie Mutant Peasant,3,"Zombie, Mutant, Peasant",pip,rare,https://scryfall.com/card/pip/86/tato-farmer?utm_source=api
Tattermunge Duo,Tattermunge Duo,Creature — Goblin Warrior Shaman,3,"Goblin, Warrior, Shaman",shm,common,https://scryfall.com/card/shm/218/tattermunge-duo?utm_source=api
Tavern Ruffian // Tavern Smasher,Tavern Ruffian,Creature — Human Warrior Werewolf,3,"Human, Warrior, Werewolf",mid,common,https://scryfall.com/card/mid/163/tavern-ruffian-tavern-smasher?utm_source=api
Teacher's Pet,Teacher's Pet,Creature — Cat Bird Scientist,3,"Cat, Bird, Scientist",ust,uncommon,https://scryfall.com/card/ust/25/teachers-pet?utm_source=api
Tel-Jilad Fallen,Tel-Jilad Fallen,Creature — Phyrexian Elf Warrior,3,"Phyrexian, Elf, Warrior",som,common,https://scryfall.com/card/som/130/tel-jilad-fallen?utm_source=api
"Teo, Spirited Glider","Teo, Spirited Glider",Legendary Creature — Human Pilot Ally,3,"Human, Pilot, Ally",tla,uncommon,https://scryfall.com/card/tla/74/teo-spirited-glider?utm_source=api
"Terra, Herald of Hope","Terra, Herald of Hope",Legendary Creature — Human Wizard Warrior,3,"Human, Wizard, Warrior",fic,mythic,https://scryfall.com/card/fic/4/terra-herald-of-hope?utm_source=api
"Terra, Magical Adept // Esper Terra","Terra, Magical Adept",Legendary Creature — Human Wizard Warrior,3,"Human, Wizard, Warrior",fin,mythic,https://scryfall.com/card/fin/245/terra-magical-adept-esper-terra?utm_source=api
Thalakos Scout,Thalakos Scout,Creature — Thalakos Soldier Scout,3,"Thalakos, Soldier, Scout",tpr,common,https://scryfall.com/card/tpr/71/thalakos-scout?utm_source=api
Thalia and The Gitrog Monster,Thalia and The Gitrog Monster,Legendary Creature — Human Frog Horror,3,"Human, Frog, Horror",mom,mythic,https://scryfall.com/card/mom/255/thalia-and-the-gitrog-monster?utm_source=api
That Which Was Compleated,That Which Was Compleated,Artifact Creature — Eldrazi Phyrexian Processor,3,"Eldrazi, Phyrexian, Processor",unk,uncommon,https://scryfall.com/card/unk/UA01b/that-which-was-compleated?utm_source=api
The Astonishing Ant-Man,The Astonishing Ant-Man,Legendary Creature — Human Scientist Hero,3,"Human, Scientist, Hero",msh,rare,https://scryfall.com/card/msh/204/the-astonishing-ant-man?utm_source=api
The Beamtown Bullies,The Beamtown Bullies,Legendary Creature — Ogre Devil Warrior,3,"Ogre, Devil, Warrior",ncc,mythic,https://scryfall.com/card/ncc/6/the-beamtown-bullies?utm_source=api
The Bear Force Pilot Runner,The Bear Force Pilot Runner,Legendary Creature — Bear Pilot Gamer,3,"Bear, Pilot, Gamer",unk,rare,https://scryfall.com/card/unk/RG59a/the-bear-force-pilot-runner?utm_source=api
The Blue Spirit,The Blue Spirit,Legendary Creature — Human Rogue Ally,3,"Human, Rogue, Ally",tle,rare,https://scryfall.com/card/tle/90/the-blue-spirit?utm_source=api
"The Boulder, Ready to Rumble","The Boulder, Ready to Rumble",Legendary Creature — Human Warrior Performer,3,"Human, Warrior, Performer",tla,uncommon,https://scryfall.com/card/tla/168/the-boulder-ready-to-rumble?utm_source=api
"The Duke, Rebel Sentry","The Duke, Rebel Sentry",Legendary Creature — Human Rebel Ally,3,"Human, Rebel, Ally",tle,uncommon,https://scryfall.com/card/tle/76/the-duke-rebel-sentry?utm_source=api
The Earth King,The Earth King,Legendary Creature — Human Noble Ally,3,"Human, Noble, Ally",tla,rare,https://scryfall.com/card/tla/172/the-earth-king?utm_source=api
The Emperor of Palamecia // The Lord Master of Hell,The Emperor of Palamecia,Legendary Creature — Human Noble Wizard,3,"Human, Noble, Wizard",fin,uncommon,https://scryfall.com/card/fin/219/the-emperor-of-palamecia-the-lord-master-of-hell?utm_source=api
The Emperor of Palamecia // The Lord Master of Hell,The Lord Master of Hell,Legendary Creature — Demon Noble Wizard,3,"Demon, Noble, Wizard",fin,uncommon,https://scryfall.com/card/fin/219/the-emperor-of-palamecia-the-lord-master-of-hell?utm_source=api
The Flood of Mars,The Flood of Mars,Creature — Alien Zombie Horror,3,"Alien, Zombie, Horror",who,rare,https://scryfall.com/card/who/45/the-flood-of-mars?utm_source=api
The Foretold Soldier,The Foretold Soldier,Creature — Alien Zombie Soldier,3,"Alien, Zombie, Soldier",who,rare,https://scryfall.com/card/who/102/the-foretold-soldier?utm_source=api
"The Ghoul, Gunslinger","The Ghoul, Gunslinger",Legendary Creature — Zombie Mutant Rogue,3,"Zombie, Mutant, Rogue",sld,mythic,https://scryfall.com/card/sld/2448/the-ghoul-gunslinger?utm_source=api
"The Gitrog, Ravenous Ride","The Gitrog, Ravenous Ride",Legendary Creature — Frog Horror Mount,3,"Frog, Horror, Mount",otj,mythic,https://scryfall.com/card/otj/206/the-gitrog-ravenous-ride?utm_source=api
The Howling Abomination,The Howling Abomination,Legendary Creature — Human Beast Warrior,3,"Human, Beast, Warrior",slx,rare,https://scryfall.com/card/slx/13/the-howling-abomination?utm_source=api
The Howling Commandos,The Howling Commandos,Legendary Creature — Human Soldier Hero,3,"Human, Soldier, Hero",msc,common,https://scryfall.com/card/msc/598/the-howling-commandos?utm_source=api
The Immortal Weapons,The Immortal Weapons,Legendary Creature — Human Warrior Hero,3,"Human, Warrior, Hero",msc,rare,https://scryfall.com/card/msc/547/the-immortal-weapons?utm_source=api
The Knight of Commentary,The Knight of Commentary,Legendary Creature — Human Advisor Knight,3,"Human, Advisor, Knight",unk,rare,https://scryfall.com/card/unk/RZ05d/the-knight-of-commentary?utm_source=api
The Lion-Turtle,The Lion-Turtle,Legendary Creature — Elder Cat Turtle,3,"Elder, Cat, Turtle",tla,rare,https://scryfall.com/card/tla/232/the-lion-turtle?utm_source=api
The Mary Janes,The Mary Janes,Legendary Creature — Human Bard Performer,3,"Human, Bard, Performer",spe,uncommon,https://scryfall.com/card/spe/15/the-mary-janes?utm_source=api
The Massive Zatcatl,The Massive Zatcatl,Legendary Creature — Elf Cat Wizard,3,"Elf, Cat, Wizard",unk,rare,https://scryfall.com/card/unk/RG07/the-massive-zatcatl?utm_source=api
"The Mechanist, Aerial Artisan","The Mechanist, Aerial Artisan",Legendary Creature — Human Artificer Ally,3,"Human, Artificer, Ally",tla,rare,https://scryfall.com/card/tla/64/the-mechanist-aerial-artisan?utm_source=api
"The Mighty Thor, Jane Foster","The Mighty Thor, Jane Foster",Legendary Creature — Human God Hero,3,"Human, God, Hero",msh,rare,https://scryfall.com/card/msh/222/the-mighty-thor-jane-foster?utm_source=api
The Most Dangerous Gamer,The Most Dangerous Gamer,Legendary Creature — Human Gamer Guest,3,"Human, Gamer, Guest",unf,rare,https://scryfall.com/card/unf/174/the-most-dangerous-gamer?utm_source=api
The Pride of Hull Clade,The Pride of Hull Clade,Legendary Creature — Crocodile Elk Turtle,3,"Crocodile, Elk, Turtle",mkm,mythic,https://scryfall.com/card/mkm/172/the-pride-of-hull-clade?utm_source=api
The Scarlet Witch,The Scarlet Witch,Legendary Creature — Mutant Warlock Hero,3,"Mutant, Warlock, Hero",msh,rare,https://scryfall.com/card/msh/151/the-scarlet-witch?utm_source=api
The Serpent Society,The Serpent Society,Legendary Creature — Human Snake Villain,3,"Human, Snake, Villain",msh,rare,https://scryfall.com/card/msh/226/the-serpent-society?utm_source=api
"The Spot, Living Portal","The Spot, Living Portal",Legendary Creature — Human Scientist Villain,3,"Human, Scientist, Villain",spm,rare,https://scryfall.com/card/spm/153/the-spot-living-portal?utm_source=api
The Unbeatable Squirrel Girl,The Unbeatable Squirrel Girl,Legendary Creature — Squirrel Human Hero,3,"Squirrel, Human, Hero",msh,rare,https://scryfall.com/card/msh/193/the-unbeatable-squirrel-girl?utm_source=api
The Wandering Rescuer,The Wandering Rescuer,Legendary Creature — Human Samurai Noble,3,"Human, Samurai, Noble",dsk,mythic,https://scryfall.com/card/dsk/41/the-wandering-rescuer?utm_source=api
Thelonite Druid,Thelonite Druid,Creature — Human Cleric Druid,3,"Human, Cleric, Druid",me2,rare,https://scryfall.com/card/me2/182/thelonite-druid?utm_source=api
Thelonite Monk,Thelonite Monk,Creature — Insect Monk Cleric,3,"Insect, Monk, Cleric",fem,rare,https://scryfall.com/card/fem/79/thelonite-monk?utm_source=api
Thistledown Duo,Thistledown Duo,Creature — Kithkin Soldier Wizard,3,"Kithkin, Soldier, Wizard",shm,common,https://scryfall.com/card/shm/152/thistledown-duo?utm_source=api
Thor Odinson,Thor Odinson,Legendary Creature — God Warrior Hero,3,"God, Warrior, Hero",msh,uncommon,https://scryfall.com/card/msh/234/thor-odinson?utm_source=api
"Thor, Asgard's Avenger","Thor, Asgard's Avenger",Legendary Creature — God Warrior Hero,3,"God, Warrior, Hero",msc,rare,https://scryfall.com/card/msc/756/thor-asgards-avenger?utm_source=api
"Thor, God of Thunder","Thor, God of Thunder",Legendary Creature — God Warrior Hero,3,"God, Warrior, Hero",msh,mythic,https://scryfall.com/card/msh/156/thor-god-of-thunder?utm_source=api
"Thor, Guardian of Midgard","Thor, Guardian of Midgard",Legendary Creature — God Warrior Hero,3,"God, Warrior, Hero",msc,rare,https://scryfall.com/card/msc/503/thor-guardian-of-midgard?utm_source=api
Throne of the Grim Captain // The Grim Captain,The Grim Captain,Legendary Creature — Skeleton Spirit Pirate,3,"Skeleton, Spirit, Pirate",lci,rare,https://scryfall.com/card/lci/266/throne-of-the-grim-captain-the-grim-captain?utm_source=api
Thrummingbird,Thrummingbird,Creature — Phyrexian Bird Horror,3,"Phyrexian, Bird, Horror",eoc,uncommon,https://scryfall.com/card/eoc/80/thrummingbird?utm_source=api
"Tiger Shark, Abyssal Hunter","Tiger Shark, Abyssal Hunter",Legendary Creature — Shark Human Villain,3,"Shark, Human, Villain",msc,uncommon,https://scryfall.com/card/msc/747/tiger-shark-abyssal-hunter?utm_source=api
"Tigra, Feline Fury","Tigra, Feline Fury",Legendary Creature — Cat Human Hero,3,"Cat, Human, Hero",msh,uncommon,https://scryfall.com/card/msh/191/tigra-feline-fury?utm_source=api
Timestream Navigator,Timestream Navigator,Creature — Human Pirate Wizard,3,"Human, Pirate, Wizard",lcc,mythic,https://scryfall.com/card/lcc/178/timestream-navigator?utm_source=api
"Tokka & Rahzar, Terrible Twos","Tokka & Rahzar, Terrible Twos",Legendary Creature — Turtle Wolf Mutant,3,"Turtle, Wolf, Mutant",tmt,rare,https://scryfall.com/card/tmt/171/tokka-&-rahzar-terrible-twos?utm_source=api
"Tokka & Rahzar, Unsupervised","Tokka & Rahzar, Unsupervised",Legendary Creature — Turtle Wolf Mutant,3,"Turtle, Wolf, Mutant",tmc,rare,https://scryfall.com/card/tmc/28/tokka-&-rahzar-unsupervised?utm_source=api
Tony Stark // The Invincible Iron Man,Tony Stark,Legendary Creature — Human Artificer Hero,3,"Human, Artificer, Hero",msh,mythic,https://scryfall.com/card/msh/80/tony-stark-the-invincible-iron-man?utm_source=api
"Toph, Earthbending Master","Toph, Earthbending Master",Legendary Creature — Human Warrior Ally,3,"Human, Warrior, Ally",tle,mythic,https://scryfall.com/card/tle/145/toph-earthbending-master?utm_source=api
"Toph, Greatest Earthbender","Toph, Greatest Earthbender",Legendary Creature — Human Warrior Ally,3,"Human, Warrior, Ally",tle,rare,https://scryfall.com/card/tle/70/toph-greatest-earthbender?utm_source=api
"Toph, Hardheaded Teacher","Toph, Hardheaded Teacher",Legendary Creature — Human Warrior Ally,3,"Human, Warrior, Ally",tla,rare,https://scryfall.com/card/tla/246/toph-hardheaded-teacher?utm_source=api
"Toph, the Blind Bandit","Toph, the Blind Bandit",Legendary Creature — Human Warrior Ally,3,"Human, Warrior, Ally",tla,uncommon,https://scryfall.com/card/tla/198/toph-the-blind-bandit?utm_source=api
"Toph, the First Metalbender","Toph, the First Metalbender",Legendary Creature — Human Warrior Ally,3,"Human, Warrior, Ally",tla,rare,https://scryfall.com/card/tla/247/toph-the-first-metalbender?utm_source=api
Tormented Pariah // Rampaging Werewolf,Tormented Pariah,Creature — Human Warrior Werewolf,3,"Human, Warrior, Werewolf",isd,common,https://scryfall.com/card/isd/165/tormented-pariah-rampaging-werewolf?utm_source=api
"Totentanz, Swarm Piper","Totentanz, Swarm Piper",Legendary Creature — Human Warlock Bard,3,"Human, Warlock, Bard",woe,uncommon,https://scryfall.com/card/woe/216/totentanz-swarm-piper?utm_source=api
Trained Arynx,Trained Arynx,Creature — Cat Beast Mount,3,"Cat, Beast, Mount",otj,common,https://scryfall.com/card/otj/36/trained-arynx?utm_source=api
Transcendent Master,Transcendent Master,Creature — Human Cleric Avatar,3,"Human, Cleric, Avatar",roe,mythic,https://scryfall.com/card/roe/51/transcendent-master?utm_source=api
Treetop Freedom Fighters,Treetop Freedom Fighters,Creature — Human Rebel Ally,3,"Human, Rebel, Ally",tla,common,https://scryfall.com/card/tla/156/treetop-freedom-fighters?utm_source=api
Trollbred Guardian,Trollbred Guardian,Creature — Troll Frog Warrior,3,"Troll, Frog, Warrior",rna,uncommon,https://scryfall.com/card/rna/148/trollbred-guardian?utm_source=api
"Truss, Chief Engineer","Truss, Chief Engineer",Legendary Creature — Vedalken Rogue Employee,3,"Vedalken, Rogue, Employee",unf,rare,https://scryfall.com/card/unf/181/truss-chief-engineer?utm_source=api
Tsabo's Assassin,Tsabo's Assassin,Creature — Phyrexian Zombie Assassin,3,"Phyrexian, Zombie, Assassin",inv,rare,https://scryfall.com/card/inv/128/tsabos-assassin?utm_source=api
Tuktuk Grunts,Tuktuk Grunts,Creature — Goblin Warrior Ally,3,"Goblin, Warrior, Ally",zen,common,https://scryfall.com/card/zen/152/tuktuk-grunts?utm_source=api
Tuktuk Scrapper,Tuktuk Scrapper,Creature — Goblin Artificer Ally,3,"Goblin, Artificer, Ally",wwk,uncommon,https://scryfall.com/card/wwk/94/tuktuk-scrapper?utm_source=api
Turncoat Kunoichi,Turncoat Kunoichi,Creature — Mutant Ninja Fox,3,"Mutant, Ninja, Fox",tmt,rare,https://scryfall.com/card/tmt/26/turncoat-kunoichi?utm_source=api
Tusk and Whiskers,Tusk and Whiskers,Legendary Creature — Elephant Mouse Performer,3,"Elephant, Mouse, Performer",unf,uncommon,https://scryfall.com/card/unf/182/tusk-and-whiskers?utm_source=api
"Ty Lee, Chi Blocker","Ty Lee, Chi Blocker",Legendary Creature — Human Performer Ally,3,"Human, Performer, Ally",tla,rare,https://scryfall.com/card/tla/76/ty-lee-chi-blocker?utm_source=api
"U.S.Agent, John Walker","U.S.Agent, John Walker",Legendary Creature — Human Soldier Hero,3,"Human, Soldier, Hero",msh,uncommon,https://scryfall.com/card/msh/236/usagent-john-walker?utm_source=api
Uchuulon,Uchuulon,Creature — Crab Ooze Horror,3,"Crab, Ooze, Horror",clb,rare,https://scryfall.com/card/clb/673/uchuulon?utm_source=api
"Ulder Ravengard, Marshal","Ulder Ravengard, Marshal",Legendary Creature — Human Noble Soldier,3,"Human, Noble, Soldier",hbg,rare,https://scryfall.com/card/hbg/76/ulder-ravengard-marshal?utm_source=api
Ulvenwald Mystics // Ulvenwald Primordials,Ulvenwald Mystics,Creature — Human Shaman Werewolf,3,"Human, Shaman, Werewolf",isd,uncommon,https://scryfall.com/card/isd/208/ulvenwald-mystics-ulvenwald-primordials?utm_source=api
Umara Entangler,Umara Entangler,Creature — Merfolk Rogue Ally,3,"Merfolk, Rogue, Ally",ogw,common,https://scryfall.com/card/ogw/65/umara-entangler?utm_source=api
Unassuming Sage,Unassuming Sage,Creature — Human Peasant Wizard,3,"Human, Peasant, Wizard",woe,common,https://scryfall.com/card/woe/37/unassuming-sage?utm_source=api
Uncle Iroh,Uncle Iroh,Legendary Creature — Human Noble Ally,3,"Human, Noble, Ally",tla,uncommon,https://scryfall.com/card/tla/248/uncle-iroh?utm_source=api
Undead Hand Ninja,Undead Hand Ninja,Creature — Zombie Ninja Villain,3,"Zombie, Ninja, Villain",msc,uncommon,https://scryfall.com/card/msc/670/undead-hand-ninja?utm_source=api
Undercover Crocodelf,Undercover Crocodelf,Creature — Elf Crocodile Detective,3,"Elf, Crocodile, Detective",mkm,common,https://scryfall.com/card/mkm/239/undercover-crocodelf?utm_source=api
Undercover Skrull,Undercover Skrull,Creature — Skrull Shapeshifter Villain,3,"Skrull, Shapeshifter, Villain",msh,common,https://scryfall.com/card/msh/194/undercover-skrull?utm_source=api
Underrealm Lich,Underrealm Lich,Creature — Zombie Elf Shaman,3,"Zombie, Elf, Shaman",clu,mythic,https://scryfall.com/card/clu/215/underrealm-lich?utm_source=api
Unruly Krasis,Unruly Krasis,Creature — Shark Octopus Lizard,3,"Shark, Octopus, Lizard",clu,rare,https://scryfall.com/card/clu/50/unruly-krasis?utm_source=api
Utrom Scientists,Utrom Scientists,Artifact Creature — Utrom Robot Scientist,3,"Utrom, Robot, Scientist",tmt,common,https://scryfall.com/card/tmt/56/utrom-scientists?utm_source=api
"Vadrok, Apex of Thunder","Vadrok, Apex of Thunder",Legendary Creature — Elemental Dinosaur Cat,3,"Elemental, Dinosaur, Cat",iko,mythic,https://scryfall.com/card/iko/214/vadrok-apex-of-thunder?utm_source=api
Valentina Allegra de Fontaine,Valentina Allegra de Fontaine,Legendary Creature — Human Spy Villain,3,"Human, Spy, Villain",msc,uncommon,https://scryfall.com/card/msc/671/valentina-allegra-de-fontaine?utm_source=api
"Valeria Richards, Precocious","Valeria Richards, Precocious",Legendary Creature — Human Scientist Hero,3,"Human, Scientist, Hero",msc,rare,https://scryfall.com/card/msc/38/valeria-richards-precocious?utm_source=api
Valkyrior Skyrider,Valkyrior Skyrider,Creature — God Warrior Hero,3,"God, Warrior, Hero",msc,common,https://scryfall.com/card/msc/525/valkyrior-skyrider?utm_source=api
Vampire Aristocrat,Vampire Aristocrat,Creature — Vampire Rogue Noble,3,"Vampire, Rogue, Noble",mm3,common,https://scryfall.com/card/mm3/86/vampire-aristocrat?utm_source=api
Vampire Envoy,Vampire Envoy,Creature — Vampire Cleric Ally,3,"Vampire, Cleric, Ally",ogw,common,https://scryfall.com/card/ogw/92/vampire-envoy?utm_source=api
"Vannifar, Evolved Enigma","Vannifar, Evolved Enigma",Legendary Creature — Elf Ooze Wizard,3,"Elf, Ooze, Wizard",mkm,mythic,https://scryfall.com/card/mkm/241/vannifar-evolved-enigma?utm_source=api
"Varis, Silverymoon Ranger","Varis, Silverymoon Ranger",Legendary Creature — Human Elf Ranger,3,"Human, Elf, Ranger",afr,rare,https://scryfall.com/card/afr/209/varis-silverymoon-ranger?utm_source=api
Vastwood Animist,Vastwood Animist,Creature — Elf Shaman Ally,3,"Elf, Shaman, Ally",wwk,uncommon,https://scryfall.com/card/wwk/116/vastwood-animist?utm_source=api
Vedalken Anatomist,Vedalken Anatomist,Creature — Phyrexian Vedalken Wizard,3,"Phyrexian, Vedalken, Wizard",mbs,uncommon,https://scryfall.com/card/mbs/36/vedalken-anatomist?utm_source=api
Venerable Monk,Venerable Monk,Creature — Human Monk Cleric,3,"Human, Monk, Cleric",dvd,common,https://scryfall.com/card/dvd/5/venerable-monk?utm_source=api
Venomized Cat,Venomized Cat,Creature — Symbiote Cat Villain,3,"Symbiote, Cat, Villain",msc,common,https://scryfall.com/card/msc/801/venomized-cat?utm_source=api
"Venser, Corpse Puppet","Venser, Corpse Puppet",Legendary Creature — Phyrexian Zombie Wizard,3,"Phyrexian, Zombie, Wizard",one,rare,https://scryfall.com/card/one/219/venser-corpse-puppet?utm_source=api
"Venus, Torn Between Worlds","Venus, Torn Between Worlds",Legendary Creature — Mutant Frog Turtle,3,"Mutant, Frog, Turtle",tmt,uncommon,https://scryfall.com/card/tmt/136/venus-torn-between-worlds?utm_source=api
Verge Rangers,Verge Rangers,Creature — Human Scout Ranger,3,"Human, Scout, Ranger",dsc,rare,https://scryfall.com/card/dsc/108/verge-rangers?utm_source=api
"Veronica, Dissident Scribe","Veronica, Dissident Scribe",Legendary Creature — Human Artificer Rogue,3,"Human, Artificer, Rogue",pip,rare,https://scryfall.com/card/pip/70/veronica-dissident-scribe?utm_source=api
Veteran Explorer,Veteran Explorer,Creature — Human Soldier Scout,3,"Human, Soldier, Scout",2xm,uncommon,https://scryfall.com/card/2xm/186/veteran-explorer?utm_source=api
Veteran Warleader,Veteran Warleader,Creature — Human Soldier Ally,3,"Human, Soldier, Ally",bfz,rare,https://scryfall.com/card/bfz/221/veteran-warleader?utm_source=api
"Victor Timely, Wily Tycoon","Victor Timely, Wily Tycoon",Legendary Creature — Human Artificer Villain,3,"Human, Artificer, Villain",msc,uncommon,https://scryfall.com/card/msc/642/victor-timely-wily-tycoon?utm_source=api
Vigean Graftmage,Vigean Graftmage,Creature — Vedalken Wizard Mutant,3,"Vedalken, Wizard, Mutant",mm2,common,https://scryfall.com/card/mm2/68/vigean-graftmage?utm_source=api
"Viper, Cruel Conspirator","Viper, Cruel Conspirator",Legendary Creature — Human Assassin Villain,3,"Human, Assassin, Villain",msc,rare,https://scryfall.com/card/msc/673/viper-cruel-conspirator?utm_source=api
Viridian Betrayers,Viridian Betrayers,Creature — Phyrexian Elf Warrior,3,"Phyrexian, Elf, Warrior",nph,common,https://scryfall.com/card/nph/124/viridian-betrayers?utm_source=api
Viridian Corrupter,Viridian Corrupter,Creature — Phyrexian Elf Shaman,3,"Phyrexian, Elf, Shaman",td2,uncommon,https://scryfall.com/card/td2/56/viridian-corrupter?utm_source=api
Viridian Emissary,Viridian Emissary,Creature — Phyrexian Elf Scout,3,"Phyrexian, Elf, Scout",cma,common,https://scryfall.com/card/cma/162/viridian-emissary?utm_source=api
Viridian Scout,Viridian Scout,Creature — Elf Warrior Scout,3,"Elf, Warrior, Scout",5dn,common,https://scryfall.com/card/5dn/100/viridian-scout?utm_source=api
Virtuous Variant,Virtuous Variant,Creature — Spider Human Hero,3,"Spider, Human, Hero",msc,common,https://scryfall.com/card/msc/758/virtuous-variant?utm_source=api
Visage of Dread // Dread Osseosaur,Dread Osseosaur,Creature — Dinosaur Skeleton Horror,3,"Dinosaur, Skeleton, Horror",lci,uncommon,https://scryfall.com/card/lci/129/visage-of-dread-dread-osseosaur?utm_source=api
Viscera Dragger,Viscera Dragger,Creature — Zombie Ogre Warrior,3,"Zombie, Ogre, Warrior",ala,common,https://scryfall.com/card/ala/92/viscera-dragger?utm_source=api
Vital Splicer,Vital Splicer,Creature — Phyrexian Human Artificer,3,"Phyrexian, Human, Artificer",mm3,uncommon,https://scryfall.com/card/mm3/145/vital-splicer?utm_source=api
"Vohar, Vodalian Desecrator","Vohar, Vodalian Desecrator",Legendary Creature — Phyrexian Merfolk Wizard,3,"Phyrexian, Merfolk, Wizard",dmu,uncommon,https://scryfall.com/card/dmu/226/vohar-vodalian-desecrator?utm_source=api
"Vona de Iedo, the Antifex","Vona de Iedo, the Antifex",Legendary Creature — Vampire Cleric Knight,3,"Vampire, Cleric, Knight",yotj,rare,https://scryfall.com/card/yotj/28/vona-de-iedo-the-antifex?utm_source=api
"Vrestin, Menoptra Leader","Vrestin, Menoptra Leader",Legendary Creature — Alien Insect Scout,3,"Alien, Insect, Scout",who,rare,https://scryfall.com/card/who/166/vrestin-menoptra-leader?utm_source=api
Vulshok Sorcerer,Vulshok Sorcerer,Creature — Human Shaman Sorcerer,3,"Human, Shaman, Sorcerer",ddi,common,https://scryfall.com/card/ddi/50/vulshok-sorcerer?utm_source=api
"Vulture, Feathered Fiend","Vulture, Feathered Fiend",Legendary Creature — Human Artificer Villain,3,"Human, Artificer, Villain",msc,rare,https://scryfall.com/card/msc/645/vulture-feathered-fiend?utm_source=api
"Vulture, Scheming Scavenger","Vulture, Scheming Scavenger",Legendary Creature — Human Artificer Villain,3,"Human, Artificer, Villain",spm,uncommon,https://scryfall.com/card/spm/158/vulture-scheming-scavenger?utm_source=api
"W'Kabi, Shield of the Nation","W'Kabi, Shield of the Nation",Legendary Creature — Human Warrior Hero,3,"Human, Warrior, Hero",msc,rare,https://scryfall.com/card/msc/70/wkabi-shield-of-the-nation?utm_source=api
Wakandan Royal Guard,Wakandan Royal Guard,Creature — Human Soldier Hero,3,"Human, Soldier, Hero",msh,common,https://scryfall.com/card/msh/195/wakandan-royal-guard?utm_source=api
Walltop Sentries,Walltop Sentries,Creature — Human Soldier Ally,3,"Human, Soldier, Ally",tla,common,https://scryfall.com/card/tla/202/walltop-sentries?utm_source=api
Wandering Mage,Wandering Mage,Creature — Human Cleric Wizard,3,"Human, Cleric, Wizard",me3,rare,https://scryfall.com/card/me3/186/wandering-mage?utm_source=api
Wandering Musicians,Wandering Musicians,Creature — Human Bard Ally,3,"Human, Bard, Ally",tla,common,https://scryfall.com/card/tla/250/wandering-musicians?utm_source=api
Warped Researcher,Warped Researcher,Creature — Human Wizard Mutant,3,"Human, Wizard, Mutant",lgn,uncommon,https://scryfall.com/card/lgn/56/warped-researcher?utm_source=api
Warped Tusker,Warped Tusker,Creature — Eldrazi Boar Beast,3,"Eldrazi, Boar, Beast",mh3,common,https://scryfall.com/card/mh3/16/warped-tusker?utm_source=api
Warren Soultrader,Warren Soultrader,Creature — Zombie Goblin Wizard,3,"Zombie, Goblin, Wizard",mh3,rare,https://scryfall.com/card/mh3/110/warren-soultrader?utm_source=api
Warrior en-Kor,Warrior en-Kor,Creature — Kor Warrior Knight,3,"Kor, Warrior, Knight",tpr,uncommon,https://scryfall.com/card/tpr/39/warrior-en-kor?utm_source=api
Wartime Protestors,Wartime Protestors,Creature — Human Rebel Ally,3,"Human, Rebel, Ally",tla,rare,https://scryfall.com/card/tla/160/wartime-protestors?utm_source=api
Water Tribe Captain,Water Tribe Captain,Creature — Human Soldier Ally,3,"Human, Soldier, Ally",tla,common,https://scryfall.com/card/tla/41/water-tribe-captain?utm_source=api
Water Tribe Rallier,Water Tribe Rallier,Creature — Human Soldier Ally,3,"Human, Soldier, Ally",tla,uncommon,https://scryfall.com/card/tla/42/water-tribe-rallier?utm_source=api
Weapons Trainer,Weapons Trainer,Creature — Human Soldier Ally,3,"Human, Soldier, Ally",2xm,uncommon,https://scryfall.com/card/2xm/228/weapons-trainer?utm_source=api
Weathered Wayfarer,Weathered Wayfarer,Creature — Human Nomad Cleric,3,"Human, Nomad, Cleric",2x2,rare,https://scryfall.com/card/2x2/34/weathered-wayfarer?utm_source=api
Wee Champion,Wee Champion,Creature — Minotaur Child Guest,3,"Minotaur, Child, Guest",unf,common,https://scryfall.com/card/unf/127/wee-champion?utm_source=api
Wei Assassins,Wei Assassins,Creature — Human Soldier Assassin,3,"Human, Soldier, Assassin",ptk,uncommon,https://scryfall.com/card/ptk/86/wei-assassins?utm_source=api
Wei Scout,Wei Scout,Creature — Human Soldier Scout,3,"Human, Soldier, Scout",ptk,common,https://scryfall.com/card/ptk/90/wei-scout?utm_source=api
Werebear,Werebear,Creature — Human Bear Druid,3,"Human, Bear, Druid",dmr,common,https://scryfall.com/card/dmr/182/werebear?utm_source=api
Werefox Bodyguard,Werefox Bodyguard,Creature — Elf Fox Knight,3,"Elf, Fox, Knight",woe,rare,https://scryfall.com/card/woe/39/werefox-bodyguard?utm_source=api
West Wind Avatar,West Wind Avatar,Creature — Cat Spirit Avatar,3,"Cat, Spirit, Avatar",tmt,uncommon,https://scryfall.com/card/tmt/137/west-wind-avatar?utm_source=api
Western Paladin,Western Paladin,Creature — Phyrexian Zombie Knight,3,"Phyrexian, Zombie, Knight",8ed,rare,https://scryfall.com/card/8ed/173/western-paladin?utm_source=api
Whipcorder,Whipcorder,Creature — Human Soldier Rebel,3,"Human, Soldier, Rebel",ons,uncommon,https://scryfall.com/card/ons/60/whipcorder?utm_source=api
"Whiplash, Vengeful Engineer","Whiplash, Vengeful Engineer",Legendary Creature — Human Artificer Villain,3,"Human, Artificer, Villain",msh,uncommon,https://scryfall.com/card/msh/121/whiplash-vengeful-engineer?utm_source=api
Whirler Rogue,Whirler Rogue,Creature — Human Rogue Artificer,3,"Human, Rogue, Artificer",otc,uncommon,https://scryfall.com/card/otc/122/whirler-rogue?utm_source=api
White Lotus Reinforcements,White Lotus Reinforcements,Creature — Human Soldier Ally,3,"Human, Soldier, Ally",tla,uncommon,https://scryfall.com/card/tla/251/white-lotus-reinforcements?utm_source=api
"White Widow, Free Agent","White Widow, Free Agent",Legendary Creature — Human Hero Villain,3,"Human, Hero, Villain",msh,uncommon,https://scryfall.com/card/msh/42/white-widow-free-agent?utm_source=api
"White Widow, Yelena Belova","White Widow, Yelena Belova",Legendary Creature — Human Assassin Villain,3,"Human, Assassin, Villain",msc,uncommon,https://scryfall.com/card/msc/676/white-widow-yelena-belova?utm_source=api
"Wiccan, Rising Magician","Wiccan, Rising Magician",Legendary Creature — Mutant Warlock Hero,3,"Mutant, Warlock, Hero",msh,uncommon,https://scryfall.com/card/msh/83/wiccan-rising-magician?utm_source=api
"Wiccan, Young Avenger","Wiccan, Young Avenger",Legendary Creature — Mutant Warlock Hero,3,"Mutant, Warlock, Hero",msc,uncommon,https://scryfall.com/card/msc/557/wiccan-young-avenger?utm_source=api
Wild-Magic Sorcerer,Wild-Magic Sorcerer,Creature — Orc Shaman Sorcerer,3,"Orc, Shaman, Sorcerer",clb,rare,https://scryfall.com/card/clb/816/wild-magic-sorcerer?utm_source=api
Wildfire Eternal,Wildfire Eternal,Creature — Zombie Jackal Cleric,3,"Zombie, Jackal, Cleric",hou,rare,https://scryfall.com/card/hou/109/wildfire-eternal?utm_source=api
Willing Test Subject,Willing Test Subject,Creature — Spider Monkey Scientist,3,"Spider, Monkey, Scientist",ust,common,https://scryfall.com/card/ust/126/willing-test-subject?utm_source=api
Wing Splicer,Wing Splicer,Creature — Phyrexian Human Artificer,3,"Phyrexian, Human, Artificer",mm3,uncommon,https://scryfall.com/card/mm3/57/wing-splicer?utm_source=api
Wingbeat Warrior,Wingbeat Warrior,Creature — Bird Soldier Warrior,3,"Bird, Soldier, Warrior",lgn,common,https://scryfall.com/card/lgn/29/wingbeat-warrior?utm_source=api
Winter Eladrin,Winter Eladrin,Creature — Faerie Elf Wizard,3,"Faerie, Elf, Wizard",clb,common,https://scryfall.com/card/clb/104/winter-eladrin?utm_source=api
"Winter Soldier, Bucky Barnes","Winter Soldier, Bucky Barnes",Legendary Creature — Human Soldier Hero,3,"Human, Soldier, Hero",msc,common,https://scryfall.com/card/msc/845/winter-soldier-bucky-barnes?utm_source=api
"Winter Soldier, Icy Assassin","Winter Soldier, Icy Assassin",Legendary Creature — Human Assassin Villain,3,"Human, Assassin, Villain",msh,rare,https://scryfall.com/card/msh/239/winter-soldier-icy-assassin?utm_source=api
"Winter Soldier, Reborn Avenger","Winter Soldier, Reborn Avenger",Legendary Creature — Human Soldier Hero,3,"Human, Soldier, Hero",msc,rare,https://scryfall.com/card/msc/27/winter-soldier-reborn-avenger?utm_source=api
Wizards of the _____,Wizards of the _____,Creature — Human Wizard Performer,3,"Human, Wizard, Performer",unf,common,https://scryfall.com/card/unf/64/wizards-of-the-_____?utm_source=api
Wizened Arbiter,Wizened Arbiter,Creature — Human Soldier Wizard,3,"Human, Soldier, Wizard",cmb2,rare,https://scryfall.com/card/cmb2/14/wizened-arbiter?utm_source=api
"Wolfsbane, Highland Hero","Wolfsbane, Highland Hero",Legendary Creature — Mutant Werewolf Hero,3,"Mutant, Werewolf, Hero",msc,common,https://scryfall.com/card/msc/767/wolfsbane-highland-hero?utm_source=api
"Wolverine, Best There Is","Wolverine, Best There Is",Legendary Creature — Mutant Berserker Hero,3,"Mutant, Berserker, Hero",mar,mythic,https://scryfall.com/card/mar/97/wolverine-best-there-is?utm_source=api
"Wolverine, Claws Out","Wolverine, Claws Out",Legendary Creature — Mutant Berserker Hero,3,"Mutant, Berserker, Hero",msc,rare,https://scryfall.com/card/msc/737/wolverine-claws-out?utm_source=api
"Wolverine, Fierce Fighter","Wolverine, Fierce Fighter",Legendary Creature — Mutant Berserker Hero,3,"Mutant, Berserker, Hero",msh,rare,https://scryfall.com/card/msh/240/wolverine-fierce-fighter?utm_source=api
"Wonder Man, Hollywood Hero","Wonder Man, Hollywood Hero",Legendary Creature — Human Performer Hero,3,"Human, Performer, Hero",msh,uncommon,https://scryfall.com/card/msh/160/wonder-man-hollywood-hero?utm_source=api
Woodland Liege,Woodland Liege,Creature — Elf Druid Noble,3,"Elf, Druid, Noble",j25,common,https://scryfall.com/card/j25/27/woodland-liege?utm_source=api
Wormfang Behemoth,Wormfang Behemoth,Creature — Nightmare Fish Beast,3,"Nightmare, Fish, Beast",jud,rare,https://scryfall.com/card/jud/55/wormfang-behemoth?utm_source=api
Wormfang Manta,Wormfang Manta,Creature — Nightmare Fish Beast,3,"Nightmare, Fish, Beast",jud,rare,https://scryfall.com/card/jud/58/wormfang-manta?utm_source=api
Wormfang Newt,Wormfang Newt,Creature — Nightmare Salamander Beast,3,"Nightmare, Salamander, Beast",jud,common,https://scryfall.com/card/jud/59/wormfang-newt?utm_source=api
Wormfang Turtle,Wormfang Turtle,Creature — Nightmare Turtle Beast,3,"Nightmare, Turtle, Beast",jud,uncommon,https://scryfall.com/card/jud/60/wormfang-turtle?utm_source=api
"Wraith, Vicious Vigilante","Wraith, Vicious Vigilante",Legendary Creature — Human Detective Hero,3,"Human, Detective, Hero",spm,uncommon,https://scryfall.com/card/spm/160/wraith-vicious-vigilante?utm_source=api
Wretched Anurid,Wretched Anurid,Creature — Zombie Frog Beast,3,"Zombie, Frog, Beast",dmr,common,https://scryfall.com/card/dmr/109/wretched-anurid?utm_source=api
Wu Longbowman,Wu Longbowman,Creature — Human Soldier Archer,3,"Human, Soldier, Archer",me3,common,https://scryfall.com/card/me3/55/wu-longbowman?utm_source=api
Wu Scout,Wu Scout,Creature — Human Soldier Scout,3,"Human, Soldier, Scout",ptk,common,https://scryfall.com/card/ptk/62/wu-scout?utm_source=api
Wu Spy,Wu Spy,Creature — Human Soldier Rogue,3,"Human, Soldier, Rogue",ptk,uncommon,https://scryfall.com/card/ptk/63/wu-spy?utm_source=api
"X-23, Deadly Weapon","X-23, Deadly Weapon",Legendary Creature — Mutant Berserker Hero,3,"Mutant, Berserker, Hero",msc,uncommon,https://scryfall.com/card/msc/738/x-23-deadly-weapon?utm_source=api
"Xavier Sal, Infested Captain","Xavier Sal, Infested Captain",Legendary Creature — Human Fungus Pirate,3,"Human, Fungus, Pirate",lcc,rare,https://scryfall.com/card/lcc/14/xavier-sal-infested-captain?utm_source=api
Yargle and Multani,Yargle and Multani,Legendary Creature — Frog Spirit Elemental,3,"Frog, Spirit, Elemental",mom,rare,https://scryfall.com/card/mom/256/yargle-and-multani?utm_source=api
"Yellowjacket, Heartless Marauder","Yellowjacket, Heartless Marauder",Legendary Creature — Human Rogue Villain,3,"Human, Rogue, Villain",msh,uncommon,https://scryfall.com/card/msh/123/yellowjacket-heartless-marauder?utm_source=api
"Yisan, the Wanderer Bard","Yisan, the Wanderer Bard",Legendary Creature — Human Rogue Bard,3,"Human, Rogue, Bard",cmm,rare,https://scryfall.com/card/cmm/334/yisan-the-wanderer-bard?utm_source=api
Yotian Medic,Yotian Medic,Creature — Human Cleric Soldier,3,"Human, Cleric, Soldier",bro,common,https://scryfall.com/card/bro/33/yotian-medic?utm_source=api
Zada's Commando,Zada's Commando,Creature — Goblin Archer Ally,3,"Goblin, Archer, Ally",ogw,common,https://scryfall.com/card/ogw/120/zadas-commando?utm_source=api
Zaffai and the Tempests,Zaffai and the Tempests,Legendary Creature — Human Bard Sorcerer,3,"Human, Bard, Sorcerer",sos,rare,https://scryfall.com/card/sos/246/zaffai-and-the-tempests?utm_source=api
"Zahur, Glory's Past","Zahur, Glory's Past",Legendary Creature — Zombie Cat Warrior,3,"Zombie, Cat, Warrior",dft,rare,https://scryfall.com/card/dft/229/zahur-glorys-past?utm_source=api
"Zarda, the Power Princess","Zarda, the Power Princess",Legendary Creature — Human Warrior Hero,3,"Human, Warrior, Hero",msc,uncommon,https://scryfall.com/card/msc/615/zarda-the-power-princess?utm_source=api
"Zenos yae Galvus // Shinryu, Transcendent Rival",Zenos yae Galvus,Legendary Creature — Human Noble Warrior,3,"Human, Noble, Warrior",fin,rare,https://scryfall.com/card/fin/127/zenos-yae-galvus-shinryu-transcendent-rival?utm_source=api
"Zhang Fei, Fierce Warrior","Zhang Fei, Fierce Warrior",Legendary Creature — Human Soldier Warrior,3,"Human, Soldier, Warrior",me3,uncommon,https://scryfall.com/card/me3/28/zhang-fei-fierce-warrior?utm_source=api
"Zhao Zilong, Tiger General","Zhao Zilong, Tiger General",Legendary Creature — Human Soldier Warrior,3,"Human, Soldier, Warrior",ptk,rare,https://scryfall.com/card/ptk/33/zhao-zilong-tiger-general?utm_source=api
"Zidane, Tantalus Thief","Zidane, Tantalus Thief",Legendary Creature — Human Mutant Scout,3,"Human, Mutant, Scout",fin,uncommon,https://scryfall.com/card/fin/251/zidane-tantalus-thief?utm_source=api
"Zuko, Firebending Master","Zuko, Firebending Master",Legendary Creature — Human Noble Ally,3,"Human, Noble, Ally",tle,mythic,https://scryfall.com/card/tle/127/zuko-firebending-master?utm_source=api
Zulaport Chainmage,Zulaport Chainmage,Creature — Human Shaman Ally,3,"Human, Shaman, Ally",ogw,common,https://scryfall.com/card/ogw/93/zulaport-chainmage?utm_source=api
Zulaport Cutthroat,Zulaport Cutthroat,Creature — Human Rogue Ally,3,"Human, Rogue, Ally",soc,uncommon,https://scryfall.com/card/soc/233/zulaport-cutthroat?utm_source=api
"Zuri, Warrior of Wakanda","Zuri, Warrior of Wakanda",Legendary Creature — Human Warrior Hero,3,"Human, Warrior, Hero",msc,rare,https://scryfall.com/card/msc/72/zuri-warrior-of-wakanda?utm_source=api
Zygon Infiltrator,Zygon Infiltrator,Creature — Alien Shapeshifter Soldier,3,"Alien, Shapeshifter, Soldier",who,uncommon,https://scryfall.com/card/who/63/zygon-infiltrator?utm_source=api
_____ _____ _____ Trespasser,_____ _____ _____ Trespasser,Creature — Human Rogue Guest,3,"Human, Rogue, Guest",unf,uncommon,https://scryfall.com/card/unf/61/_____-_____-_____-trespasser?utm_source=api
